rank,oid,signature,SD,public,anon,auth,svc,mutating,sensitive_tables,dynamic_sql,guard,consumers_src,consumers_bd,trigger,policies,class
1,138627,"public.close_service_order_as_sale(p_order_id uuid, p_store_id uuid, p_seller_id uuid, p_payment_method text, p_currency text, p_exchange_rate numeric, p_user_id uuid)",SD,True,True,True,True,True,audit_logs,False,has_store_access_as,,,False,False,C4
2,138598,"public.link_receipts_to_service(p_service_id uuid, p_receipt_ids jsonb, p_user_id uuid)",SD,True,True,True,True,True,audit_logs,False,has_store_access,,,False,False,C4
3,137974,public.release_expired_reservations(),SD,True,True,True,True,True,audit_logs,False,,,,False,False,C4
4,138785,"public.update_receipt_item_tasa(p_receipt_item_id uuid, p_new_tasa_cambio_recepcion numeric, p_new_moneda_recepcion text, p_motivo text, p_user_id uuid)",SD,True,True,True,True,True,audit_logs;receipt_tasa_audit,False,has_store_access_as,,,False,False,C4
5,138112,"public.bulk_assign_memberships(p_user_id uuid, p_assignments jsonb)",SD,True,True,True,True,True,user_audit_log;user_store_memberships,False,has_store_role;is_admin,src/app/api/users/[id]/memberships/bulk/route.ts,,False,False,C2
6,138285,"public.close_cash_shift(p_closure_id uuid, p_declared_cash numeric, p_declared_vouchers numeric, p_notes text, p_user_id uuid)",SD,True,True,True,True,True,audit_logs,False,has_store_access_as,src/app/api/cash-closures/close/route.ts,,False,False,C2
7,138865,"public.create_devolution_v2(p_store_id uuid, p_items jsonb, p_reason text, p_user_id uuid, p_original_transaction_id uuid, p_payment_method text, p_customer_id uuid, p_customer_name text, p_notes text, p_idempotency_key text)",SD,True,True,True,True,True,audit_logs;store_credit_ledger,False,has_store_access_as,src/app/api/devolutions/route.ts,,False,False,C2
8,138630,"public.create_production_order_v2(p_store_id uuid, p_order_type text, p_customer_name text, p_customer_ci text, p_customer_phone text, p_customer_address text, p_budget_total numeric, p_budget_currency text, p_description text, p_notes text, p_items jsonb, p_advance_amount numeric, p_advance_method text, p_advance_currency text, p_created_by uuid, p_idempotency_key text)",SD,True,True,True,True,True,audit_logs,False,check_idempotency;has_store_access_as,src/app/api/production-orders/route.ts,,False,False,C2
9,138592,"public.create_received_service_v2(p_store_id uuid, p_supplier text, p_total_amount numeric, p_service_type_id uuid, p_service_type_name text, p_service_date date, p_currency text, p_exchange_rate numeric, p_payment_terms_days integer, p_distribution_method text, p_reference_doc text, p_observations text, p_receipt_ids jsonb, p_created_by uuid)",SD,True,True,True,True,True,audit_logs,False,has_store_access,src/app/api/received-services/route.ts,,False,False,C2
10,138143,"public.create_store_with_membership(p_name text, p_address text, p_created_by uuid, p_max_stores integer, p_logo_url text, p_reeup text, p_nit text, p_bank_account text, p_phone text, p_email text, p_slug text, p_plantilla text, p_signature_url text, p_stamp_url text, p_latitude double precision, p_longitude double precision, p_tenant_id uuid)",SD,True,True,True,True,True,audit_logs;profiles;stores;user_store_memberships,False,auth.uid,src/app/api/stores/route.ts,,False,False,C2
11,138109,public.detect_orphan_users(),SD,True,True,True,True,True,orphaned_users_log,False,is_admin,src/app/api/users/orphans/route.ts,,False,False,C2
12,138597,"public.distribute_service_cost_v2(p_service_id uuid, p_user_id uuid)",SD,True,True,True,True,True,audit_logs,False,has_store_access,src/app/api/received-services/distribute/route.ts,,False,False,C2
13,138870,"public.duplicate_inventory_adjustment_v2(p_original_id uuid, p_user_id uuid)",SD,True,True,True,True,True,audit_logs,False,has_store_access_as,src/app/api/reverse/route.ts,,False,False,C2
14,138098,"public.managed_create_user_v2(p_email text, p_full_name text, p_role user_role, p_plan plan_t, p_store_id uuid, p_memberships jsonb, p_max_stores integer, p_max_users integer, p_target_user_id uuid, p_creator_id uuid)",SD,True,True,True,True,True,profiles;user_audit_log;user_store_memberships,False,has_store_access,src/app/api/users/managed-create/route.ts,,False,False,C2
15,138105,"public.managed_reset_password(p_user_id uuid, p_caller_id uuid)",SD,True,True,True,True,True,user_audit_log,False,auth.uid,src/app/api/users/reset-password/route.ts,,False,False,C2
16,138108,"public.managed_revoke_membership(p_membership_id uuid, p_caller_id uuid)",SD,True,True,True,True,True,profiles;user_audit_log;user_store_memberships,False,has_store_role,src/app/api/users/[id]/memberships/[membershipId]/route.ts,,False,False,C2
17,138106,"public.managed_soft_delete_user(p_user_id uuid, p_reason text, p_caller_id uuid)",SD,True,True,True,True,True,profiles;user_audit_log;user_store_memberships,False,auth.uid,src/app/api/users/delete/route.ts,,False,False,C2
18,138104,"public.managed_toggle_user_status(p_user_id uuid, p_is_active boolean, p_caller_id uuid)",SD,True,True,True,True,True,profiles;user_audit_log,False,auth.uid,src/app/api/users/toggle-status/route.ts,,False,False,C2
19,138107,"public.managed_update_membership(p_membership_id uuid, p_role user_role, p_status text, p_caller_id uuid)",SD,True,True,True,True,True,user_audit_log;user_store_memberships,False,has_store_role,src/app/api/users/[id]/memberships/[membershipId]/route.ts,,False,False,C2
20,138144,"public.managed_update_tenant_plan(p_tenant_id uuid, p_plan plan_t, p_subscription_status text, p_caller_id uuid)",SD,True,True,True,True,True,profiles;user_audit_log,False,auth.uid,src/app/api/billing/webhook/route.ts,,False,False,C2
21,138103,"public.managed_update_user(p_user_id uuid, p_full_name text, p_role user_role, p_role_id uuid, p_is_active boolean, p_max_stores_limit integer, p_max_users_limit integer, p_plan plan_t, p_caller_id uuid)",SD,True,True,True,True,True,profiles;user_audit_log,False,auth.uid,src/app/api/users/[id]/route.ts,,False,False,C2
22,138110,"public.reconcile_orphan_user(p_auth_user_id uuid, p_action text, p_reason text, p_caller_id uuid)",SD,True,True,True,True,True,orphaned_users_log;profiles;user_audit_log,False,is_admin,src/app/api/users/[id]/reconcile/route.ts,,False,False,C2
23,138208,"public.reopen_cash_shift(p_closure_id uuid, p_reason text, p_user_id uuid)",SD,True,True,True,True,True,audit_logs,False,has_store_role_as,src/app/api/cash-closures/reopen/route.ts,,False,False,C2
24,138622,"public.reverse_production_order(p_order_id uuid, p_reason text, p_user_id uuid)",SD,True,True,True,True,True,audit_logs,False,has_store_access_as,src/app/api/reverse/route.ts,,False,False,C2
25,138188,"public.reverse_transaction_v2(p_transaction_id uuid, p_reason text, p_user_id uuid)",SD,True,True,True,True,True,audit_logs,False,has_store_access_as,src/app/api/reverse/route.ts,,False,False,C2
26,138596,"public.set_received_service_status(p_service_id uuid, p_new_status text, p_user_id uuid, p_reason text)",SD,True,True,True,True,True,audit_logs,False,has_store_access,src/app/api/received-services/route.ts,,False,False,C2
27,138595,"public.void_received_service_with_reversal(p_service_id uuid, p_user_id uuid, p_reason text, p_operation_date timestamp with time zone)",SD,True,True,True,True,True,audit_logs,False,has_store_access,src/app/api/received-services/route.ts,,False,False,C2
28,138218,public.audit_cash_closures_changes(),SD,True,True,True,True,True,audit_logs,False,auth.uid,,,True,False,C1B
29,138220,public.audit_commission_payments_changes(),SD,True,True,True,True,True,audit_logs,False,auth.uid,,,True,False,C1B
30,138222,public.audit_fiscal_closings_changes(),SD,True,True,True,True,True,audit_logs,False,auth.uid,,,True,False,C1B
31,138224,public.audit_payment_transactions_changes(),SD,True,True,True,True,True,audit_logs,False,,,,True,False,C1B
32,141788,"public.create_sale_v2(p_store_id uuid, p_seller_id uuid, p_items jsonb, p_payment_method text, p_discount_type text, p_discount_value numeric, p_applied_taxes jsonb, p_tax_amount numeric, p_total_amount numeric, p_subtotal numeric, p_cash_amount numeric, p_transfer_amount numeric, p_zelle_amount numeric, p_sale_currency text, p_sale_exchange_rate numeric, p_customer_id uuid, p_customer_name text, p_supervisor_user_id uuid, p_idempotency_key text, p_operation_date timestamp with time zone, p_user_id uuid)",SD,True,True,True,True,True,audit_logs,False,has_store_access_as;has_store_role_as,src/app/api/pos/checkout/route.ts;src/app/api/sync/batch/route.ts,,False,False,C3
33,138544,"public.receive_against_po(p_po_id uuid, p_received_items jsonb, p_user_id uuid, p_reception_date timestamp with time zone, p_invoice_number text)",SD,True,True,True,True,True,audit_logs,False,has_store_access,src/app/api/purchase-orders/[id]/route.ts,,False,False,C3
34,138536,"public.register_reception(p_store_id uuid, p_supplier text, p_reception_date timestamp with time zone, p_invoice_number text, p_items jsonb, p_user_id uuid, p_po_id uuid)",SD,True,True,True,True,True,audit_logs,False,has_store_access_as,src/app/api/inventory/receptions/route.ts;src/app/api/sync/batch/route.ts;src/hooks/api/useInventory,receive_against_po,False,False,C3
35,138210,public.reverse_commissions_on_sale_void(),SD,True,True,True,True,True,audit_logs,False,,,,True,False,C1B
36,138196,"public.reverse_receipt_v2(p_receipt_id uuid, p_reason text, p_user_id uuid)",SD,True,True,True,True,True,audit_logs,False,,src/app/api/reverse/route.ts;src/hooks/api/useReceptions.ts,,False,False,C3
37,138551,"public.set_purchase_order_status(p_po_id uuid, p_new_status purchase_status_enum, p_user_id uuid, p_reason text)",SD,True,True,True,True,True,audit_logs,False,has_store_access,src/app/api/purchase-orders/[id]/route.ts,,False,False,C3
38,138619,"public.void_closed_production_order(p_order_id uuid, p_reason text, p_user_id uuid)",SD,True,True,True,True,True,audit_logs,False,has_store_access_as,src/app/api/production-orders/[id]/void/route.ts,,False,False,C3
39,138819,"public.void_pending_reception(p_receipt_id uuid, p_user_id uuid, p_reason text, p_operation_date timestamp with time zone)",SD,True,True,True,True,True,audit_logs,False,has_store_access_as,src/hooks/api/useReceptions.ts,,False,False,C3
40,138000,"public.void_transaction(p_transaction_id uuid, p_reason text, p_operation_date timestamp with time zone, p_user_id uuid)",SD,True,True,True,True,True,audit_logs,False,has_store_access_as,src/hooks/api/useDocumentActions.ts,,False,False,C3
41,38098,public.audit_store_access_changes(),SD,False,False,True,True,True,audit_logs,False,auth.uid,,,False,False,C4
42,21756,public.cleanup_expired_idempotency_keys(),SD,False,False,True,True,True,idempotency_keys,False,,,,False,False,C4
43,26951,"public.fn_process_sale(p_items jsonb, p_cashier_id uuid, p_payment_method text)",SD,False,False,True,True,True,audit_logs,False,auth.uid,,,False,False,C4
44,26952,"public.fn_void_receipt(p_receipt_id uuid, p_user_id uuid)",SD,False,False,True,True,True,audit_logs,False,,,,False,False,C4
45,137574,public.generate_confirmation_token(p_session_id uuid),SD,False,False,True,True,True,restore_sessions,False,,,,False,False,C4
46,20172,public.generate_inventory_snapshot(p_store_id uuid),SD,False,False,True,True,True,inventory_snapshots,False,,,,False,False,C4
47,88135,"public.log_audit_event(p_action text, p_payload jsonb, p_store_id uuid)",SD,False,False,True,True,True,audit_events,False,auth.uid,,,False,False,C4
48,38673,"public.managed_create_store(p_name text, p_address text)",SD,False,False,True,True,True,stores,False,auth.uid,,,False,False,C4
49,88184,"public.managed_create_user(p_max_users integer, p_max_stores integer, p_role text, p_full_name text, p_email text, p_creator_id uuid, p_target_user_id uuid, p_store_id uuid, p_memberships jsonb)",SD,False,False,True,True,True,profiles;user_store_memberships,False,has_store_access,,,False,False,C4
50,79083,public.managed_delete_user(p_user_id uuid),SD,False,False,True,True,True,profiles;user_store_memberships,False,is_admin,,,False,False,C4
51,137078,"public.reconcile_stock(p_store_id uuid, p_fix boolean, p_user_id uuid)",SD,False,False,True,True,True,audit_logs,False,has_store_role;is_admin,,,False,False,C4
52,131406,"public.save_ai_api_key(p_provider text, p_api_key text, p_label text)",SD,False,False,True,True,True,ai_api_keys,False,auth.uid,,,False,False,C4
53,137075,"public.set_transfer_approval_rule(p_tenant_id uuid, p_store_id uuid, p_threshold_amount numeric, p_threshold_quantity numeric, p_approver_roles text[], p_is_active boolean, p_user_id uuid)",SD,False,False,True,True,True,audit_logs,False,has_store_access_as;has_store_role,,,False,False,C4
54,131996,"public.upsert_store_cost_template(p_store_id uuid, p_template_id text, p_template_data jsonb, p_modalidad text, p_pdf_format text, p_created_by uuid)",SD,False,False,True,True,True,store_cost_templates,False,has_store_role;is_global_admin,,,False,False,C4
55,132926,public.cleanup_old_aggregates(p_days integer),SD,False,False,True,True,True,usage_aggregates,False,,src/app/api/cron/usage-sync/route.ts,,False,False,C2
56,137076,"public.close_fiscal_period(p_store_id uuid, p_year integer, p_month integer, p_user_id uuid)",SD,False,False,True,True,True,audit_logs,False,has_store_access_as,src/app/api/fiscal-close/route.ts,,False,False,C2
57,142325,"public.create_vale_salida(p_store_id uuid, p_items jsonb, p_production_order_id uuid, p_notes text, p_idempotency_key text, p_user_id uuid)",SD,False,False,True,True,True,audit_logs,False,check_idempotency;has_store_access_as,src/app/api/vale-salida/route.ts,,False,False,C2
58,135446,public.purge_old_reset_snapshots(p_days integer),SD,False,False,True,True,True,store_reset_snapshots,False,,src/app/api/cron/purge-snapshots/route.ts,,False,False,C2
59,137077,"public.receive_to_warehouse(p_store_id uuid, p_product_id uuid, p_quantity numeric, p_unit_cost numeric, p_warehouse_id uuid, p_lot_number text, p_expiration_date date, p_user_id uuid, p_reason text)",SD,False,False,True,True,True,audit_logs,False,has_store_access_as,src/app/api/receive-to-warehouse/route.ts,,False,False,C2
60,136655,"public.reverse_transfer(p_transfer_id uuid, p_reason text, p_user_id uuid)",SD,False,False,True,True,True,audit_logs,False,has_store_access_as,src/app/api/reverse/route.ts,,False,False,C2
61,142337,"public.reverse_vale_salida(p_slip_id uuid, p_reason text, p_user_id uuid)",SD,False,False,True,True,True,audit_logs,False,has_store_access_as,src/app/api/vale-salida/[id]/reverse/route.ts,,False,False,C2
62,131945,"public.soft_delete_store(p_store_id uuid, p_deleted_by uuid)",SD,False,False,True,True,True,audit_logs;profiles;stores;user_store_memberships,False,auth.uid,src/app/api/stores/bulk/route.ts;src/app/api/stores/route.ts,bulk_soft_delete_stores,False,False,C2
63,132923,"public.upsert_usage_aggregate(p_bucket_start timestamp with time zone, p_bucket_end timestamp with time zone, p_metric_type text, p_service text, p_endpoint text, p_count integer, p_sum_value double precision)",SD,False,False,True,True,True,usage_aggregates,False,,src/lib/usage-tracker.ts,,False,False,C2
64,137060,"public.adjust_sale_payment(p_transaction_id uuid, p_user_id uuid, p_payment_method text, p_cash_amount numeric, p_transfer_amount numeric, p_zelle_amount numeric, p_sale_currency text, p_sale_exchange_rate numeric, p_items_price_adjustments jsonb, p_discount_type text, p_discount_value numeric, p_reason text)",SD,False,False,True,True,True,audit_logs,False,has_store_access_as,src/app/api/transactions/[id]/adjust/route.ts,,False,False,C3
65,142121,"public.adjust_total_amount(p_transaction_id uuid, p_new_total numeric, p_reason text)",SD,False,False,True,False,True,audit_logs,False,is_admin,,protect_transactions_total_amount,False,False,C1B
66,137780,public.audit_backup_restore_protected_change(),SD,False,False,True,True,True,audit_logs,False,auth.uid,,,True,False,C1B
67,52507,public.audit_product_changes(),SD,False,False,True,True,True,audit_logs,False,auth.uid,,,True,False,C1B
68,38096,public.audit_profile_changes(),SD,False,False,True,True,True,audit_logs,False,auth.uid,,,True,False,C1B
69,70045,public.audit_role_changes(),SD,False,False,True,True,True,user_audit_log,False,auth.uid,,,True,False,C1B
70,52509,public.audit_store_changes(),SD,False,False,True,True,True,audit_logs,False,auth.uid,,,True,False,C1B
71,137483,"public.cancel_transfer(p_transfer_id uuid, p_reason text, p_user_id uuid)",SD,False,False,True,True,True,audit_logs,False,has_store_access_as,src/services/transfer-service.ts,,False,False,C3
72,138633,"public.close_production_order_v2(p_order_id uuid, p_store_id uuid, p_seller_id uuid, p_final_amount numeric, p_final_method text, p_final_currency text, p_exchange_rate numeric, p_output_product_id uuid, p_output_quantity numeric, p_user_id uuid, p_idempotency_key text)",SD,False,False,True,True,True,audit_logs,False,has_store_access_as,src/app/api/production-orders/[id]/route.ts,,False,False,C3
73,133208,"public.confirm_transfer(p_transfer_id uuid, p_user_id uuid, p_operation_date timestamp with time zone)",SD,False,False,True,True,True,audit_logs,False,has_store_access_as,src/app/api/transfers/[transferId]/confirm/route.ts;src/services/transfer-service.ts,,False,False,C3
74,137570,public.create_pre_restore_snapshot(p_store_id uuid),SD,False,False,True,True,False,,True,,,restore_store_backup,False,False,C1B
75,133213,"public.create_purchase_order(p_store_id uuid, p_supplier_name text, p_supplier_id uuid, p_po_number text, p_notes text, p_expected_date date, p_created_by uuid, p_items jsonb)",SD,False,False,True,True,True,audit_logs,False,has_store_access,src/app/api/purchase-orders/route.ts,,False,False,C3
76,136508,"public.create_sale(p_store_id uuid, p_seller_id uuid, p_total_amount numeric, p_items jsonb, p_subtotal numeric, p_discount_type text, p_discount_value numeric, p_payment_method text, p_tax_amount numeric, p_applied_taxes jsonb, p_transaction_id uuid, p_operation_date timestamp with time zone, p_cash_amount numeric, p_transfer_amount numeric, p_idempotency_key text, p_sale_currency text, p_sale_exchange_rate numeric, p_zelle_amount numeric, p_warehouse_id uuid, p_user_id uuid)",SD,False,False,True,True,True,audit_logs,False,has_store_access_as,src/hooks/api/useTransactions.ts,,False,False,C3
77,137073,"public.create_transfer(p_origin_store_id uuid, p_destination_store_id uuid, p_items jsonb, p_notes text, p_transaction_id uuid, p_operation_date timestamp with time zone, p_user_id uuid)",SD,False,False,True,True,True,audit_logs,False,has_store_access_as,src/app/api/sync/batch/route.ts;src/app/api/transfers/route.ts;src/services/transfer-service.ts,,False,False,C3
78,94972,"public.increment_user_usage(p_user_id uuid, p_action_type text, p_limit integer)",SD,False,False,True,True,True,user_usage,False,,src/services/usage-service.ts,,False,False,C3
79,28126,public.log_transaction_changes(),SD,False,False,True,True,True,audit_logs,False,auth.uid,,,True,False,C1B
80,43261,"public.manage_user_memberships(p_user_id uuid, p_memberships jsonb)",SD,False,False,True,True,True,profiles;user_store_memberships,False,is_store_manager,src/hooks/api/useUsers.ts,,False,False,C3
81,45939,public.managed_delete_product(p_product_id uuid),SD,False,False,True,True,True,audit_logs,False,has_store_access,src/hooks/api/useProducts.ts,,False,False,C3
82,45940,"public.managed_toggle_product_active(p_product_id uuid, p_is_active boolean)",SD,False,False,True,True,True,audit_logs,False,has_store_access,src/hooks/api/useProducts.ts,,False,False,C3
83,70049,public.on_auth_user_created(),SD,False,False,True,True,True,profiles;user_audit_log,False,,,,False,False,C1B
84,119652,"public.process_pick3_transaction(p_user_id uuid, p_type text, p_amount bigint, p_reference_draw_id uuid, p_reference_play_id uuid, p_notes text, p_metadata jsonb)",SD,False,False,True,True,True,pick3_ledger;pick3_profiles,False,,src/components/views/terminal/views/pick3/BetEntryDialog.tsx,on_pick3_profile_initial_bankroll,False,False,C3
85,138613,"public.receive_production_output(p_order_id uuid, p_product_id uuid, p_quantity numeric, p_store_id uuid, p_user_id uuid, p_idempotency_key text)",SD,False,False,True,True,True,audit_logs,False,has_store_access_as,src/app/api/production-orders/[id]/route.ts,close_production_order_v2;receive_production_output_deprecated_4arg,False,False,C3
86,133215,"public.update_reception_items(p_receipt_id uuid, p_item_updates jsonb, p_user_id uuid)",SD,False,False,True,True,True,audit_logs,False,has_store_access_as,src/app/api/inventory/receptions/[id]/route.ts,,False,False,C3
87,59867,"public.update_transaction_taxes(p_transaction_id uuid, p_applied_taxes jsonb, p_tax_amount numeric, p_total_amount numeric)",SD,False,False,True,True,True,audit_logs,False,has_role;is_admin,src/components/views/terminal/views/sales/TransactionDetailsModal.tsx,,False,False,C3
88,137569,public.validate_pre_restore_fk_integrity(p_store_id uuid),SD,False,False,True,True,False,,True,,,restore_store_backup,False,False,C1B
89,142921,"public.withdraw_production_item_v3(p_item_id uuid, p_qty numeric, p_store_id uuid, p_user_id uuid, p_idempotency_key text, p_reference_id uuid, p_reference_doc text)",SD,False,False,True,True,True,audit_logs,False,check_idempotency;has_store_access_as,,create_vale_salida,False,False,C1B
90,142629,public.bulk_update_products(_products jsonb),SD,True,True,True,True,True,,False,,,,False,False,C4
91,138145,"public.check_tenant_store_quota(p_tenant_id uuid, p_plan plan_t)",SD,True,True,True,True,False,,False,,,,False,False,C4
92,138375,public.is_tenant_member(p_tenant_id uuid),SD,True,True,True,True,False,,False,,,,False,False,C4
93,138148,"public.validate_tenant_access(p_user_id uuid, p_store_id uuid)",SD,True,True,True,True,False,,False,,,,False,False,C4
94,138306,"public.get_purchases_book(p_store_id uuid, p_year integer, p_month integer)",SD,True,True,True,True,False,,False,has_store_access;is_admin,src/app/api/fiscal/purchases-book/route.ts,,False,False,C2
95,138305,"public.get_sales_book(p_store_id uuid, p_year integer, p_month integer)",SD,True,True,True,True,False,,False,has_store_access;is_admin,src/app/api/fiscal/sales-book/route.ts,,False,False,C2
96,138307,"public.get_tax_report(p_store_id uuid, p_year integer, p_month integer)",SD,True,True,True,True,False,,False,has_store_access;is_admin,src/app/api/fiscal/tax-report/route.ts,,False,False,C2
97,138146,"public.get_tenant_cash_report(p_tenant_id uuid, p_start_date timestamp with time zone, p_end_date timestamp with time zone)",SD,True,True,True,True,False,,False,is_admin,src/app/api/tenants/[id]/reports/cash/route.ts,,False,False,C2
98,138147,"public.get_tenant_sales_summary(p_tenant_id uuid, p_days integer)",SD,True,True,True,True,False,,False,is_admin,src/app/api/tenants/[id]/reports/sales/route.ts,,False,False,C2
99,138111,"public.get_user_audit_history(p_user_id uuid, p_limit integer, p_offset integer)",SD,True,True,True,True,False,,False,is_admin,src/app/api/users/[id]/audit-history/route.ts,,False,False,C2
100,138783,public.calculate_receipt_total_cup(p_receipt_id uuid),SD,True,True,True,True,False,,False,,,confirm_pending_reception;update_receipt_item_tasa;update_reception_items,False,False,C1B
101,138372,public.current_user_tenant_id(),SD,True,True,True,True,False,,False,auth.uid,,current_user_store_ids;is_admin_with_access;is_tenant_member,False,True,C1B
102,142220,public.enforce_ledger_append_only(),SD,True,True,True,True,False,,False,,,,True,False,C1B
103,142600,public.ensure_product_barcode(),SD,True,True,True,True,False,,False,,,,True,False,C1B
104,142598,public.generate_internal_barcode(),SD,True,True,True,True,False,,False,,,ensure_product_barcode,False,False,C1B
105,142661,"public.get_paginated_products_v2(p_limit integer, p_offset integer, p_store_id uuid, p_search_term text, p_category text, p_sort_key text, p_sort_dir text, p_stock_filter text, p_active_filter text)",SD,True,True,True,True,False,,False,has_store_access;is_admin,src/hooks/api/useCatalogProducts.ts,,False,False,C1
106,142663,"public.get_products_for_pos(p_store_id uuid, p_search_term text, p_category text, p_limit integer, p_offset integer)",SD,True,True,True,True,False,,False,has_store_access;is_admin,src/app/api/inventory/products/route.ts;src/components/views/terminal/views/ipv/CatalogTable.tsx;src,,False,False,C1
107,142035,"public.get_transactions(p_store_id uuid, p_search_term text, p_date_from timestamp without time zone, p_date_to timestamp without time zone, p_limit integer)",SD,True,True,True,True,False,,False,has_store_access;is_admin,src/hooks/api/useTransactions.ts;src/lib/reports/data-fetcher.ts,,False,False,C1
108,142421,"public.has_management_access_as(p_user_id uuid, p_store_id uuid)",SD,True,True,True,True,False,,False,,,reset_store_data,False,False,C1B
109,142475,"public.has_store_role(p_user_id uuid, p_store_id uuid, p_roles text[])",SD,True,True,True,True,False,,False,auth.uid,,bulk_assign_memberships;get_or_create_product_cost_sheet;managed_revoke_membership;managed_update_me,False,True,C1B
110,138149,"public.has_store_role_as(p_user_id uuid, p_store_id uuid, p_roles text[])",SD,True,True,True,True,False,,False,,,create_sale_v2;reopen_cash_shift,False,False,C1B
111,138374,public.is_admin_with_access(p_store_id uuid),SD,True,True,True,True,False,,False,has_store_access;is_admin,,,False,True,C1B
112,138589,public.prevent_received_service_edit(),SD,True,True,True,True,False,,False,,,,True,False,C1B
113,138690,"public.register_idempotency(p_key text, p_operation text, p_record_id uuid, p_param_hash text, p_result jsonb)",SD,True,True,True,True,True,,False,check_idempotency,,create_production_order_v2;create_vale_salida;withdraw_production_item_deprecated_6arg;withdraw_prod,False,False,C1B
114,138292,"public.validate_operation_date(p_new_date timestamp with time zone, p_store_id uuid)",SD,True,True,True,True,False,,False,,,create_received_service_v2;create_sale;create_sale_v2;perform_inventory_adjustment;prevent_received_,False,False,C1B
115,136803,"public.apply_physical_count(p_count_id uuid, p_user_id uuid, p_apply_zero_diffs boolean)",SD,False,False,True,True,True,,False,has_store_access_as,,,False,False,C4
116,136851,"public.approve_transfer(p_transfer_id uuid, p_user_id uuid)",SD,False,False,True,True,True,,False,has_store_access_as,,,False,False,C4
117,70047,"public.can_create_user_with_role(p_creator_id uuid, p_role_name text)",SD,False,False,True,True,False,,False,,,,False,False,C4
118,28123,public.can_void_receipt(p_receipt_id uuid),SD,False,False,True,True,False,,False,,,,False,False,C4
119,34760,public.cancel_reception(p_reception_id uuid),SD,False,False,True,True,True,,False,auth.uid,,,False,False,C4
120,136719,"public.compensate_inventory_error(p_store_id uuid, p_original_movement_id uuid, p_reason text, p_user_id uuid)",SD,False,False,True,True,False,,False,has_store_access_as,,,False,False,C4
121,136801,"public.create_physical_count(p_store_id uuid, p_user_id uuid, p_notes text)",SD,False,False,True,True,True,,False,has_store_access_as,,,False,False,C4
122,131395,"public.deduct_stock(p_store_id uuid, p_product_id uuid, p_quantity numeric)",SD,False,False,True,True,False,,False,auth.uid,,,False,False,C4
123,136259,"public.ensure_fiscal_period(p_store_id uuid, p_year integer, p_month integer)",SD,False,False,True,True,True,,False,,,,False,False,C4
124,131041,public.fn_log_system_health(p_payload jsonb),SD,False,False,True,True,True,,False,,,,False,False,C4
125,26950,"public.fn_process_receipt(p_items jsonb, p_user_id uuid, p_reference text)",SD,False,False,True,True,True,,False,auth.uid,,,False,False,C4
126,130964,"public.fn_process_receipt(p_items jsonb, p_user_id uuid, p_store_id uuid, p_reference text)",SD,False,False,True,True,True,,False,auth.uid,,,False,False,C4
127,131405,"public.get_ai_api_key(p_user_id uuid, p_provider text)",SD,False,False,True,True,False,,False,is_admin,,,False,False,C4
128,28149,"public.get_inventory_report(p_from_date timestamp with time zone, p_to_date timestamp with time zone)",SD,False,False,True,True,False,,False,,,,False,False,C4
129,28171,"public.get_inventory_report(p_store_id uuid, p_from_date timestamp with time zone, p_to_date timestamp with time zone)",SD,False,False,True,True,False,,False,,,,False,False,C4
130,28152,public.get_inventory_with_costs(p_store_id uuid),SD,False,False,True,True,False,,False,,,,False,False,C4
131,23014,"public.get_my_sales(p_search_query text, p_status text, p_date_from timestamp with time zone, p_date_to timestamp with time zone, p_min_amount numeric, p_max_amount numeric, p_sort_column text, p_sort_direction text, p_limit integer, p_offset integer)",SD,False,False,True,True,False,,False,auth.uid,,,False,False,C4
132,28159,"public.get_my_sales(p_search_query text, p_status text, p_payment_method text, p_date_from timestamp with time zone, p_date_to timestamp with time zone, p_min_amount numeric, p_max_amount numeric, p_sort_column text, p_sort_direction text, p_limit integer, p_offset integer)",SD,False,False,True,True,False,,False,auth.uid,,,False,False,C4
133,28160,public.get_my_sales_summary(p_period text),SD,False,False,True,True,False,,False,auth.uid,,,False,False,C4
134,132041,"public.get_or_create_product_cost_sheet(p_product_id uuid, p_store_id uuid, p_template_id text, p_modalidad text, p_pdf_format text)",SD,False,False,True,True,False,,False,has_store_role;is_global_admin,,,False,False,C4
135,28163,"public.get_product_stock_ledger(p_product_id uuid, p_store_id uuid)",SD,False,False,True,True,False,,False,,,,False,False,C4
136,24207,public.get_product_variants_counts(),SD,False,False,True,True,False,,False,,,,False,False,C4
137,59842,"public.get_transactions_with_profit(p_store_id uuid, p_search_term text, p_date_from timestamp without time zone, p_date_to timestamp without time zone, p_limit integer)",SD,False,False,True,True,False,,False,has_store_access;is_admin,,,False,False,C4
138,132940,public.get_usage_forecast(),SD,False,False,True,True,False,,False,,,,False,False,C4
139,21751,public.get_user_role(),SD,False,False,True,True,False,,False,auth.uid,,,False,False,C4
140,76874,public.is_admin_check(p_user_id uuid),SD,False,False,True,True,False,,False,,,,False,False,C4
141,47064,public.is_manager_of_store(p_store_id uuid),SD,False,False,True,True,False,,False,auth.uid,,,False,False,C4
142,75761,"public.is_role_not_changed(p_user_id uuid, p_new_role user_role, p_new_role_id uuid)",SD,False,False,True,True,False,,False,,,,False,False,C4
143,53941,public.is_user_creator(p_target_user_id uuid),SD,False,False,True,True,False,,False,auth.uid,,,False,False,C4
144,136485,public.mark_expired_lots(p_store_id uuid),SD,False,False,True,True,True,,False,,,,False,False,C4
145,132504,"public.process_stock_adjustment(p_store_id uuid, p_product_id uuid, p_quantity_delta numeric, p_reason text, p_user_id uuid, p_operation_date timestamp with time zone)",SD,False,False,True,True,False,,False,,,,False,False,C4
146,136802,"public.record_counted_quantity(p_count_id uuid, p_product_id uuid, p_counted_quantity numeric, p_user_id uuid, p_notes text)",SD,False,False,True,True,True,,False,has_store_access_as,,,False,False,C4
147,21401,"public.record_sale_movement(p_store_id uuid, p_product_id uuid, p_variant_id uuid, p_quantity integer, p_reference text)",SD,False,False,True,True,False,,False,auth.uid,,,False,False,C4
148,136852,"public.reject_transfer(p_transfer_id uuid, p_reason text, p_user_id uuid)",SD,False,False,True,True,True,,False,has_store_access_as,,,False,False,C4
149,131719,public.sync_inventory_from_products(p_store_id uuid),SD,False,False,True,True,True,,False,,,,False,False,C4
150,136850,"public.transfer_requires_approval(p_origin_store_id uuid, p_destination_store_id uuid, p_items jsonb)",SD,False,False,True,True,False,,False,,,,False,False,C4
151,137560,public.validate_backup_registry_drift(),SD,False,False,True,True,False,,False,,,,False,False,C4
152,132487,"public.validate_transfer_operation_date(p_new_date timestamp with time zone, p_origin_store_id uuid, p_destination_store_id uuid)",SD,False,False,True,True,False,,False,,,,False,False,C4
153,88196,public.verify_audit_chain(),SD,False,False,True,True,False,,False,,,,False,False,C4
154,136514,"public.auto_match_bank_items(p_statement_id uuid, p_user_id uuid)",SD,False,False,True,True,True,,False,has_store_access_as,src/app/api/bank-reconciliation/match/route.ts,,False,False,C2
155,136484,"public.calculate_abc(p_store_id uuid, p_year integer, p_month integer, p_user_id uuid)",SD,False,False,True,True,True,,False,has_store_access_as,src/app/api/abc-analysis/route.ts,,False,False,C2
156,132722,public.calculate_service_distribution(p_service_id uuid),SD,False,False,True,True,False,,False,,src/app/api/received-services/distribute/route.ts,,False,False,C2
157,136270,"public.create_quotation(p_store_id uuid, p_items jsonb, p_user_id uuid, p_customer_id uuid, p_customer_name text, p_customer_phone text, p_discount_type text, p_discount_value numeric, p_notes text, p_valid_until date)",SD,False,False,True,True,True,,False,has_store_access_as,src/app/api/quotations/route.ts,,False,False,C2
158,142308,"public.create_vale_salida(p_store_id uuid, p_items jsonb, p_production_order_id uuid, p_notes text, p_idempotency_key text)",SD,False,False,True,True,False,,False,,src/app/api/vale-salida/route.ts,,False,False,C2
159,136705,"public.duplicate_inventory_adjustment(p_original_id uuid, p_user_id uuid)",SD,False,False,True,True,True,,False,has_store_access_as,src/app/api/inventory/adjustments/duplicate/route.ts,,False,False,C2
160,132723,"public.get_product_cost_analysis(p_product_id uuid, p_store_id uuid)",SD,False,False,True,True,False,,False,,src/app/api/received-services/analysis/route.ts,,False,False,C2
161,136513,"public.get_reorder_suggestions(p_store_id uuid, p_user_id uuid)",SD,False,False,True,True,False,,False,has_store_access_as,src/app/api/reorder-suggestions/route.ts,,False,False,C2
162,132924,public.get_usage_summary(p_hours integer),SD,False,False,True,True,False,,False,,src/app/api/usage/summary/route.ts,,False,False,C2
163,136256,"public.lock_fiscal_period(p_store_id uuid, p_year integer, p_month integer)",SD,False,False,True,True,True,,False,auth.uid,src/app/api/fiscal-close/route.ts,,False,False,C2
164,136656,"public.reverse_adjustment(p_adjustment_id uuid, p_reason text, p_user_id uuid)",SD,False,False,True,True,True,,False,has_store_access_as,src/app/api/reverse/route.ts,,False,False,C2
165,136657,"public.reverse_devolution(p_devolution_id uuid, p_reason text, p_user_id uuid)",SD,False,False,True,True,True,,False,has_store_access_as,src/app/api/reverse/route.ts,,False,False,C2
166,136654,"public.reverse_receipt(p_receipt_id uuid, p_reason text, p_user_id uuid)",SD,False,False,True,True,True,,False,has_store_access_as,src/app/api/reverse/route.ts,,False,False,C2
167,136653,"public.reverse_transaction(p_transaction_id uuid, p_reason text, p_user_id uuid)",SD,False,False,True,True,True,,False,has_store_access_as,src/app/api/reverse/route.ts,,False,False,C2
168,137398,"public.validate_store_can_be_modified(p_store_id uuid, p_check_type text)",SD,False,False,True,True,False,,False,,src/app/api/stores/bulk/preview/route.ts,bulk_soft_delete_stores;reset_store_data,False,False,C2
169,136257,public.auto_kardex_on_stock_movement(),SD,False,False,True,True,True,,False,,,,True,False,C1B
170,79082,public.can_safely_delete_user(p_user_id uuid),SD,False,False,True,True,False,,False,,,managed_delete_user,False,False,C1B
171,130873,"public.cancel_transfer(p_transfer_id uuid, p_user_id uuid)",SD,False,False,True,True,True,,False,has_store_access_as,src/services/transfer-service.ts,,False,False,C1
172,136899,"public.confirm_inventory_adjustment(p_adjustment_id uuid, p_user_id uuid)",SD,False,False,True,True,True,,False,has_store_access_as,src/components/views/terminal/views/inventory/InventoryAdjustmentsView.tsx,,False,False,C1
173,136713,"public.confirm_pending_reception(p_receipt_id uuid, p_user_id uuid, p_operation_date timestamp with time zone)",SD,False,False,True,True,True,,False,has_store_access_as,src/hooks/api/useReceptions.ts,,False,False,C1
174,21750,public.current_user_store_id(),SD,False,False,True,True,False,,False,auth.uid,,get_current_user_store_id,False,True,C1B
175,138373,public.current_user_store_ids(),SD,False,False,True,True,False,,False,is_admin,,,False,True,C1B
176,137558,public.discover_backup_tables(),SD,False,False,True,True,False,,False,,src/lib/backup/backup-service.ts,validate_backup_registry_drift,False,False,C1
177,26677,public.fn_sync_inventory_on_movement(),SD,False,False,True,True,True,,False,,,,True,False,C1B
178,48498,"public.get_audit_logs(p_store_id uuid, p_search_term text, p_date_from timestamp without time zone, p_date_to timestamp without time zone, p_limit integer)",SD,False,False,True,True,False,,False,has_store_access;is_admin,src/lib/reports/data-fetcher.ts,,False,False,C1
179,137493,"public.get_available_stock(p_store_id uuid, p_product_id uuid)",SD,False,False,True,True,False,,False,,,confirm_transfer,False,False,C1B
180,137559,public.get_backup_table_list(p_include_excluded boolean),SD,False,False,True,True,False,,False,,src/lib/backup/backup-service.ts,,False,False,C1
181,131903,"public.get_batch_store_daily_kpis(p_store_ids uuid[], p_date date)",SD,False,False,True,True,False,,False,,src/hooks/api/useMultiStoreDashboard.ts,,False,False,C1
182,130869,"public.get_cash_closures(p_store_id uuid, p_date_from date, p_date_to date, p_limit integer)",SD,False,False,True,True,False,,False,,src/lib/reports/data-fetcher.ts,,False,False,C1
183,33592,public.get_current_user_store_id(),SD,False,False,True,True,False,,False,,,,False,True,C1B
184,130872,"public.get_daily_expenses_aggregated(p_store_id uuid, p_date_from date, p_date_to date, p_limit integer)",SD,False,False,True,True,False,,False,,src/lib/reports/data-fetcher.ts,,False,False,C1
185,130871,"public.get_daily_income_aggregated(p_store_id uuid, p_date_from timestamp with time zone, p_date_to timestamp with time zone, p_limit integer)",SD,False,False,True,True,False,,False,,src/lib/reports/data-fetcher.ts,,False,False,C1
186,132485,public.get_global_max_operation_date(p_store_id uuid),SD,False,False,True,True,False,,False,,src/hooks/api/useGlobalOperationDate.ts,validate_transfer_operation_date,False,False,C1
187,133402,public.get_low_stock_count(p_store_id uuid),SD,False,False,True,True,False,,False,,src/components/views/terminal/views/sales_hub/SalesHubView.tsx;src/hooks/api/useStoreNotifications.t,,False,False,C1
188,47075,public.get_my_role(),SD,False,False,True,True,False,,False,auth.uid,,manage_user_memberships,False,True,C1B
189,79124,"public.get_new_academy_cards(p_user_id uuid, p_limit integer)",SD,False,False,True,True,False,,False,,src/app/api/academy/review/route.ts,,False,False,C1
190,133830,"public.get_paginated_products(p_store_id uuid, p_search_term text, p_category text, p_limit integer, p_offset integer)",SD,False,False,True,True,False,,False,,src/app/tienda/[slug]/page.tsx;src/hooks/api/useInventory.ts;src/lib/reports/data-fetcher.ts,,False,False,C1
191,59843,"public.get_product_stock_ledger_paginated(p_product_id uuid, p_store_id uuid, p_limit integer, p_offset integer)",SD,False,False,True,True,False,,False,,src/app/api/inventory/[productId]/history/route.ts;src/hooks/api/useKardex.ts;src/lib/reports/data-f,,False,False,C1
192,132197,"public.get_products_for_reception(p_store_id uuid, p_search_term text, p_page integer, p_page_size integer)",SD,False,False,True,True,False,,False,,src/hooks/api/useReceptionProductSearch.ts,,False,False,C1
193,130870,"public.get_profit_report(p_store_id uuid, p_date_from timestamp with time zone, p_date_to timestamp with time zone, p_limit integer)",SD,False,False,True,True,False,,False,,src/lib/reports/data-fetcher.ts,,False,False,C1
194,51380,public.get_sales_since_last_closure(p_store_id uuid),SD,False,False,True,True,False,,False,,src/services/cash-service.ts,,False,False,C1
195,132401,"public.get_store_analytics_advanced(p_store_id uuid, p_start_date date, p_end_date date, p_days integer)",SD,False,False,True,True,False,,False,,src/hooks/api/useStoreAnalytics.ts,,False,False,C1
196,49875,"public.get_transferable_stores(p_user_id uuid, p_current_store_id uuid)",SD,False,False,True,True,False,,False,has_store_access_as,src/services/transfer-service.ts,,False,False,C1
197,130868,"public.get_transfers(p_store_id uuid, p_date_from timestamp with time zone, p_date_to timestamp with time zone, p_status text, p_limit integer)",SD,False,False,True,True,False,,False,,src/lib/reports/data-fetcher.ts,,False,False,C1
198,135148,"public.get_worker_commission_summary(p_store_id uuid, p_date_from date, p_date_to date)",SD,False,False,True,True,False,,False,,src/app/api/commissions/summary/route.ts,,False,False,C1
199,21790,public.has_any_role(required_roles user_role[]),SD,False,False,True,True,False,,False,auth.uid,,,False,True,C1B
200,54236,public.has_role(p_required_role user_role),SD,False,False,True,True,False,,False,has_role,,update_transaction_taxes,False,True,C1B
201,54235,"public.has_role(p_user_id uuid, p_required_role user_role)",SD,False,False,True,True,False,,False,,,update_transaction_taxes,False,True,C1B
202,38675,public.has_store_access(p_store_id uuid),SD,False,False,True,True,False,,False,is_admin,,create_purchase_order;create_received_service_v2;distribute_service_cost_v2;get_audit_logs;get_pagin,False,True,C1B
203,136268,"public.has_store_access_as(p_user_id uuid, p_store_id uuid)",SD,False,False,True,True,False,,False,,,adjust_sale_payment;apply_physical_count;approve_transfer;auto_match_bank_items;calculate_abc;cancel,False,False,C1B
204,131888,"public.has_store_role(p_store_id uuid, p_roles text[])",SD,False,False,True,True,False,,False,auth.uid,,bulk_assign_memberships;get_or_create_product_cost_sheet;managed_revoke_membership;managed_update_me,False,True,C1B
205,17741,public.is_admin(),SD,False,False,True,True,False,,False,auth.uid,,adjust_total_amount;bulk_assign_memberships;current_user_store_ids;detect_orphan_users;get_ai_api_ke,False,True,C1B
206,131886,public.is_global_admin(),SD,False,False,True,True,False,,False,auth.uid,,get_or_create_product_cost_sheet;save_product_cost_sheet;upsert_store_cost_template,False,True,C1B
207,53942,public.is_managed_user(p_target_user_id uuid),SD,False,False,True,True,False,,False,auth.uid,,,False,True,C1B
208,47076,public.is_store_manager(p_store_id uuid),SD,False,False,True,True,False,,False,auth.uid,,manage_user_memberships,False,False,C1B
209,131887,public.is_store_member(p_store_id uuid),SD,False,False,True,True,False,,False,auth.uid,,,False,True,C1B
210,119653,public.on_pick3_profile_initial_bankroll(),SD,False,False,True,True,False,,False,,,,True,False,C1B
211,136711,"public.perform_inventory_adjustment(p_store_id uuid, p_product_id uuid, p_quantity_delta numeric, p_reason text, p_user_id uuid, p_unit_cost_adjustment numeric, p_operation_date timestamp with time zone)",SD,False,False,True,True,True,,False,has_store_access_as,src/app/api/sync/batch/route.ts;src/hooks/api/useDocumentActions.ts;src/hooks/api/useInventory.ts,,False,False,C1
212,21754,public.prevent_direct_inventory_modification(),SD,False,False,True,True,False,,False,,,,True,False,C1B
213,132503,"public.process_inventory_adjustment(p_store_id uuid, p_cashier_id uuid, p_items adjustment_item[], p_operation_date timestamp with time zone)",SD,False,False,True,True,True,,False,,src/app/api/inventory/adjustments/route.ts,,False,False,C1
214,137351,"public.register_supplier_payment(p_store_id uuid, p_ref_type text, p_ref_id uuid, p_amount numeric, p_payment_method text, p_paid_by uuid, p_currency text, p_exchange_rate numeric, p_reference text, p_notes text, p_idempotency_key text, p_payment_date timestamp with time zone)",SD,False,False,True,True,True,,False,,src/app/api/accounts-payable/bulk-pay/route.ts;src/app/api/payments/route.ts;src/app/api/production-,close_production_order_v2;create_production_order_v2,False,False,C1
215,132042,"public.save_product_cost_sheet(p_product_id uuid, p_store_id uuid, p_template_id text, p_modalidad text, p_calculated_data jsonb, p_cost_price numeric)",SD,False,False,True,True,True,,False,has_store_role;is_global_admin,src/app/api/product-cost-sheets/auto-generate/route.ts,,False,False,C1
216,133149,public.snapshot_commission_rule(),SD,False,False,True,True,True,,False,,,,True,False,C1B
217,131044,public.sync_product_has_movements(),SD,False,False,True,True,True,,False,,,,True,False,C1B
218,131067,public.sync_product_stock(),SD,False,False,True,True,True,,False,,,,True,False,C1B
219,133144,public.touch_updated_at(),SD,False,False,True,True,False,,False,,,,True,False,C1B
220,38664,public.validate_active_store(),SD,False,False,True,True,False,,False,,,,True,False,C1B
221,137561,"public.validate_post_restore(p_store_id uuid, p_backup_payload jsonb)",SD,False,False,True,True,False,,False,,,restore_store_backup,False,False,C1B
222,136900,"public.void_inventory_adjustment(p_adjustment_id uuid, p_user_id uuid)",SD,False,False,True,True,True,,False,has_store_access_as,src/components/views/terminal/views/inventory/InventoryAdjustmentsView.tsx,,False,False,C1
