product_id,sku,name,wac,wac_class,wac_source,wac_backup_available,wac_change_log_rows,opening_unit_cost
e47421ea-f9aa-452b-b20b-4601ec12410f,CAT-0001,Abrazade metálica de 3/4,489.99999999999994,WAC_CONFIRMED,products.cost_average (frozen pre-purge; single-writer guard w62; wac_change_log empty for store),NO (backup payload has no per-product WAC field),0,489.99999999999994
da1c4090-3e10-4120-a2bc-24da53cffe16,CAT-0002,Abrazade metálica de 1 pulgada,11.919422583856775,WAC_CONFIRMED,products.cost_average (frozen pre-purge; single-writer guard w62; wac_change_log empty for store),NO (backup payload has no per-product WAC field),0,11.919422583856775
c4870c06-9332-4db2-b060-70d1fa8ea90c,CAT-0003,Araganes,2240,WAC_CONFIRMED,products.cost_average (frozen pre-purge; single-writer guard w62; wac_change_log empty for store),NO (backup payload has no per-product WAC field),0,2240
7d0751af-9fa4-4876-84b7-a28520f299d7,CAT-0004,Bisagra,5600,WAC_CONFIRMED,products.cost_average (frozen pre-purge; single-writer guard w62; wac_change_log empty for store),NO (backup payload has no per-product WAC field),0,5600
69824282-4994-4615-aaf2-896466f9e781,CAT-0005,Brecker 16A Sencillo,2800,WAC_CONFIRMED,products.cost_average (frozen pre-purge; single-writer guard w62; wac_change_log empty for store),NO (backup payload has no per-product WAC field),0,2800
0e9d781a-4eed-42ef-baa2-09b3ea1d990c,CAT-0006,Brecker 25 A Sencillo,2800,WAC_CONFIRMED,products.cost_average (frozen pre-purge; single-writer guard w62; wac_change_log empty for store),NO (backup payload has no per-product WAC field),0,2800
e65916ea-9ca2-4e25-a78f-6be15b46a912,CAT-0007,Brecker 32A Trifasico,4200,WAC_CONFIRMED,products.cost_average (frozen pre-purge; single-writer guard w62; wac_change_log empty for store),NO (backup payload has no per-product WAC field),0,4200
dfe95aa3-967c-4383-9664-2e8abf7ba7fd,CAT-0008,Brecker C32 A Trible,8400,WAC_CONFIRMED,products.cost_average (frozen pre-purge; single-writer guard w62; wac_change_log empty for store),NO (backup payload has no per-product WAC field),0,
08c9acfd-e10d-44f2-b25f-870d632dbe18,CAT-0009,Brecker D63 A,15749.999999999998,WAC_CONFIRMED,products.cost_average (frozen pre-purge; single-writer guard w62; wac_change_log empty for store),NO (backup payload has no per-product WAC field),0,15749.999999999998
5dd7ff57-9c62-4431-baba-229f9cf62acf,CAT-0010,Brida 58,210,WAC_CONFIRMED,products.cost_average (frozen pre-purge; single-writer guard w62; wac_change_log empty for store),NO (backup payload has no per-product WAC field),0,210
2a822efb-97fb-4235-b154-f983d1f840b5,CAT-0011,Cabilla 70 Cm,489.99999999999994,WAC_CONFIRMED,products.cost_average (frozen pre-purge; single-writer guard w62; wac_change_log empty for store),NO (backup payload has no per-product WAC field),0,489.99999999999994
64551ca6-5488-42e7-a230-428502fc2476,CAT-0012,Cable Conductor electrico 10,1890,WAC_CONFIRMED,products.cost_average (frozen pre-purge; single-writer guard w62; wac_change_log empty for store),NO (backup payload has no per-product WAC field),0,1890
69e4f894-9bdc-4401-ad07-102da972b11b,CAT-0013,Cable Conductor electrico 8,2100,WAC_CONFIRMED,products.cost_average (frozen pre-purge; single-writer guard w62; wac_change_log empty for store),NO (backup payload has no per-product WAC field),0,2100
60e81773-46ed-4995-8af1-771f85a97fa7,CAT-0014,Distribuidor de corriente 4 salidas,700,WAC_CONFIRMED,products.cost_average (frozen pre-purge; single-writer guard w62; wac_change_log empty for store),NO (backup payload has no per-product WAC field),0,700
bc972d77-5e59-46f5-84a3-9249e1637f17,CAT-0015,Cemento Cola,14000,WAC_CONFIRMED,products.cost_average (frozen pre-purge; single-writer guard w62; wac_change_log empty for store),NO (backup payload has no per-product WAC field),0,14000
f483daf8-9094-42a5-aa84-6453254b34dc,CAT-0016,Cemento P425 Tudella,17500,WAC_CONFIRMED,products.cost_average (frozen pre-purge; single-writer guard w62; wac_change_log empty for store),NO (backup payload has no per-product WAC field),0,
dd469f07-d038-458c-95c6-4e8cc1aac693,CAT-0017,Césped Artificial,9100,WAC_CONFIRMED,products.cost_average (frozen pre-purge; single-writer guard w62; wac_change_log empty for store),NO (backup payload has no per-product WAC field),0,9100
9da60d14-0a0e-4070-83ca-f3ea689bff25,CAT-0018,Cheques metálicos,4900,WAC_CONFIRMED,products.cost_average (frozen pre-purge; single-writer guard w62; wac_change_log empty for store),NO (backup payload has no per-product WAC field),0,4900
194cfc6d-3752-4d2a-94c7-8cb29427cffc,CAT-0019,Codo de 90,280,WAC_CONFIRMED,products.cost_average (frozen pre-purge; single-writer guard w62; wac_change_log empty for store),NO (backup payload has no per-product WAC field),0,280
5585361e-3eec-4d7d-a9f1-6c748d875a6a,CAT-0020,Codos de 45 grado,280,WAC_CONFIRMED,products.cost_average (frozen pre-purge; single-writer guard w62; wac_change_log empty for store),NO (backup payload has no per-product WAC field),0,280
01301a54-816a-4e32-9bd4-0d126d2f91c4,CAT-0021,Colchón Milexus,138600,WAC_CONFIRMED,products.cost_average (frozen pre-purge; single-writer guard w62; wac_change_log empty for store),NO (backup payload has no per-product WAC field),0,138600
4af0518f-ff97-4129-b44c-10d62e5e0c68,CAT-0022,Conectores MC4,4410,WAC_CONFIRMED,products.cost_average (frozen pre-purge; single-writer guard w62; wac_change_log empty for store),NO (backup payload has no per-product WAC field),0,4410
a010153a-6c4a-458f-a118-120166f06d3e,CAT-0023,Cuchilla 2P 100A,6300,WAC_CONFIRMED,products.cost_average (frozen pre-purge; single-writer guard w62; wac_change_log empty for store),NO (backup payload has no per-product WAC field),0,
53d9c964-d464-428f-b8a3-01a7d6178bc8,CAT-0024,Cuchilla 2P 63A,11340,WAC_CONFIRMED,products.cost_average (frozen pre-purge; single-writer guard w62; wac_change_log empty for store),NO (backup payload has no per-product WAC field),0,
bb1b6fd0-9a8e-4f3a-9623-17e9f9b5e73c,CAT-0025,Cuchilla 3P 100A,15749.999999999998,WAC_CONFIRMED,products.cost_average (frozen pre-purge; single-writer guard w62; wac_change_log empty for store),NO (backup payload has no per-product WAC field),0,15749.999999999998
43370837-f188-401d-a90f-4cc7e2118ae9,CAT-0026,Disco de esmeril,2800,WAC_CONFIRMED,products.cost_average (frozen pre-purge; single-writer guard w62; wac_change_log empty for store),NO (backup payload has no per-product WAC field),0,2800
3f108b20-f5d6-4604-930e-35c863331f5e,CAT-0027,Escobas,2520,WAC_CONFIRMED,products.cost_average (frozen pre-purge; single-writer guard w62; wac_change_log empty for store),NO (backup payload has no per-product WAC field),0,2520
8d4c7a66-0b5c-4768-966c-b0ffb8ac3fb2,CAT-0028,Espejo,7000,WAC_CONFIRMED,products.cost_average (frozen pre-purge; single-writer guard w62; wac_change_log empty for store),NO (backup payload has no per-product WAC field),0,7000
d097619e-6801-4f31-bee9-a76287af7530,CAT-0029,Expansiones 8x80,280,WAC_CONFIRMED,products.cost_average (frozen pre-purge; single-writer guard w62; wac_change_log empty for store),NO (backup payload has no per-product WAC field),0,280
45f4a79c-e449-4053-a293-60961773d734,CAT-0030,Expansiones anaranjada 6*40mm /Rapita,210,WAC_CONFIRMED,products.cost_average (frozen pre-purge; single-writer guard w62; wac_change_log empty for store),NO (backup payload has no per-product WAC field),0,210
3b68e6e7-303e-46e8-9a4a-0bd1d9a1b597,CAT-0031,Expansiones con tornillos M6,489.99999999999994,WAC_CONFIRMED,products.cost_average (frozen pre-purge; single-writer guard w62; wac_change_log empty for store),NO (backup payload has no per-product WAC field),0,489.99999999999994
2a59f5e1-9dc8-440e-9746-26ae2fb30331,CAT-0032,Expansiones con tornillos M8,560,WAC_CONFIRMED,products.cost_average (frozen pre-purge; single-writer guard w62; wac_change_log empty for store),NO (backup payload has no per-product WAC field),0,560
6e7331fa-ef32-4d29-928a-7d84922e3a66,CAT-0033,Extensiones 5M,5600,WAC_CONFIRMED,products.cost_average (frozen pre-purge; single-writer guard w62; wac_change_log empty for store),NO (backup payload has no per-product WAC field),0,5600
0c2fcc6c-289f-4324-b55f-b5fd11a62002,CAT-0034,Fregadero,32199.999999999996,WAC_CONFIRMED,products.cost_average (frozen pre-purge; single-writer guard w62; wac_change_log empty for store),NO (backup payload has no per-product WAC field),0,32199.999999999996
af42b21f-217e-4ead-a65d-c69397c13cc6,CAT-0035,Fuete eléctrico,2,WAC_CONFIRMED,products.cost_average (frozen pre-purge; single-writer guard w62; wac_change_log empty for store),NO (backup payload has no per-product WAC field),0,2
b3e54ebe-ac35-4a11-b69b-3f0c8147fda1,CAT-0036,Impermeable verde 20Kg,69300,WAC_CONFIRMED,products.cost_average (frozen pre-purge; single-writer guard w62; wac_change_log empty for store),NO (backup payload has no per-product WAC field),0,69300
017b2f62-0244-4bb0-8d88-82945aaa3726,CAT-0037,J de techo,70,WAC_CONFIRMED,products.cost_average (frozen pre-purge; single-writer guard w62; wac_change_log empty for store),NO (backup payload has no per-product WAC field),0,70
2babc6c7-6b18-4d51-a59a-e9d5fc15cc6e,CAT-0038,Lampara de 20,4480,WAC_CONFIRMED,products.cost_average (frozen pre-purge; single-writer guard w62; wac_change_log empty for store),NO (backup payload has no per-product WAC field),0,4480
207b1d1e-9b8c-43e4-b6b4-9f4bd977b18a,CAT-0039,Tubo de Lampara de 40,3920,WAC_CONFIRMED,products.cost_average (frozen pre-purge; single-writer guard w62; wac_change_log empty for store),NO (backup payload has no per-product WAC field),0,3920
6ac93fb5-0ca3-4dd1-8cff-8980658b3caf,CAT-0040,Latiguillo de media por 3/8,1400,WAC_CONFIRMED,products.cost_average (frozen pre-purge; single-writer guard w62; wac_change_log empty for store),NO (backup payload has no per-product WAC field),0,1400
ce3b523f-f616-489b-afa6-91c80e84cd8d,CAT-0041,Latiguillo MC4,2,WAC_CONFIRMED,products.cost_average (frozen pre-purge; single-writer guard w62; wac_change_log empty for store),NO (backup payload has no per-product WAC field),0,2
470847a9-f708-46bb-97c1-57bca13d635c,CAT-0042,Llave de lavamano,4200,WAC_CONFIRMED,products.cost_average (frozen pre-purge; single-writer guard w62; wac_change_log empty for store),NO (backup payload has no per-product WAC field),0,4200
2b2f28e3-e2f4-4d58-840c-4e4af5d651d1,CAT-0043,Losa aporcelanada 60x60,2,WAC_CONFIRMED,products.cost_average (frozen pre-purge; single-writer guard w62; wac_change_log empty for store),NO (backup payload has no per-product WAC field),0,2
d640bf18-da13-4ef5-8754-d1226fadf660,CAT-0044,Losa aporcelanada 60x60 con defectos,2,WAC_CONFIRMED,products.cost_average (frozen pre-purge; single-writer guard w62; wac_change_log empty for store),NO (backup payload has no per-product WAC field),0,2
5288a38f-85a0-4f2c-9edc-b745c03ef90c,CAT-0045,Malla perli,56000,WAC_CONFIRMED,products.cost_average (frozen pre-purge; single-writer guard w62; wac_change_log empty for store),NO (backup payload has no per-product WAC field),0,56000
f13436c1-85a7-430a-889b-a30f5208de85,CAT-0046,Masilla interior blanca,30799.999999999996,WAC_CONFIRMED,products.cost_average (frozen pre-purge; single-writer guard w62; wac_change_log empty for store),NO (backup payload has no per-product WAC field),0,30799.999999999996
4b15ea41-c8e3-4585-8c72-183133727b33,CAT-0047,Mortero,19600,WAC_CONFIRMED,products.cost_average (frozen pre-purge; single-writer guard w62; wac_change_log empty for store),NO (backup payload has no per-product WAC field),0,19600
8d81d8dc-80ab-4456-833b-1901c986c827,CAT-0048,Nudo de media,350,WAC_CONFIRMED,products.cost_average (frozen pre-purge; single-writer guard w62; wac_change_log empty for store),NO (backup payload has no per-product WAC field),0,350
55f7eb2b-8e95-475d-9375-b3b9390f5500,CAT-0049,Nudos de 3/4,2,WAC_CONFIRMED,products.cost_average (frozen pre-purge; single-writer guard w62; wac_change_log empty for store),NO (backup payload has no per-product WAC field),0,2
b06c20ed-cd3d-4c6b-b775-959a83b0887b,CAT-0050,Nudos de 50,350,WAC_CONFIRMED,products.cost_average (frozen pre-purge; single-writer guard w62; wac_change_log empty for store),NO (backup payload has no per-product WAC field),0,350
0f0f9cc8-1d72-4cab-973c-8dd35164fe79,CAT-0051,Pintura Casa Blanca 14L,45500,WAC_CONFIRMED,products.cost_average (frozen pre-purge; single-writer guard w62; wac_change_log empty for store),NO (backup payload has no per-product WAC field),0,45500
d96b0781-88b3-4992-85c6-4187307de294,CAT-0052,Pintura Verde 4L,3500,WAC_CONFIRMED,products.cost_average (frozen pre-purge; single-writer guard w62; wac_change_log empty for store),NO (backup payload has no per-product WAC field),0,3500
366f2263-aeba-4c85-acbd-8bf4e8fc0d99,CAT-0053,Planchas de zinc,0.7,WAC_CONFIRMED,products.cost_average (frozen pre-purge; single-writer guard w62; wac_change_log empty for store),NO (backup payload has no per-product WAC field),0,
dea47824-d52d-4e0c-a963-2904851ede28,CAT-0054,Porta Fusibles,0.7,WAC_CONFIRMED,products.cost_average (frozen pre-purge; single-writer guard w62; wac_change_log empty for store),NO (backup payload has no per-product WAC field),0,
1594070e-136d-47e2-9348-1b172dbab77e,CAT-0055,Purles,28000,WAC_CONFIRMED,products.cost_average (frozen pre-purge; single-writer guard w62; wac_change_log empty for store),NO (backup payload has no per-product WAC field),0,
ac868bd7-20bb-4af5-bd63-e1eee73fb80c,CAT-0056,Reducido de 3/4,489.99999999999994,WAC_CONFIRMED,products.cost_average (frozen pre-purge; single-writer guard w62; wac_change_log empty for store),NO (backup payload has no per-product WAC field),0,489.99999999999994
0d95ec26-3421-4fbb-9551-8e864e7f516d,CAT-0057,Rodillo,3500,WAC_CONFIRMED,products.cost_average (frozen pre-purge; single-writer guard w62; wac_change_log empty for store),NO (backup payload has no per-product WAC field),0,3500
0ce83da7-afca-4ea8-bdff-2196b66fc1b8,CAT-0058,Rosca Chapa,2,WAC_CONFIRMED,products.cost_average (frozen pre-purge; single-writer guard w62; wac_change_log empty for store),NO (backup payload has no per-product WAC field),0,2
85a6c248-21b4-46c0-b8f5-8eab4b966b02,CAT-0059,Soporte de papel higiénico,3500,WAC_CONFIRMED,products.cost_average (frozen pre-purge; single-writer guard w62; wac_change_log empty for store),NO (backup payload has no per-product WAC field),0,3500
2b394fa4-0496-49c9-97a2-f6c6b7ae898d,CAT-0060,Supresores de sobretensiones,0.7,WAC_CONFIRMED,products.cost_average (frozen pre-purge; single-writer guard w62; wac_change_log empty for store),NO (backup payload has no per-product WAC field),0,
2d706d15-6a07-4aa0-ba16-90f9dc1ffc3c,CAT-0061,T de media,350,WAC_CONFIRMED,products.cost_average (frozen pre-purge; single-writer guard w62; wac_change_log empty for store),NO (backup payload has no per-product WAC field),0,350
94931dba-7515-49cc-b911-287170299bd4,CAT-0062,T de pulgada a 3/4,0.7,WAC_CONFIRMED,products.cost_average (frozen pre-purge; single-writer guard w62; wac_change_log empty for store),NO (backup payload has no per-product WAC field),0,
d6c8fb13-7d8d-44a8-8656-cfb6423a385e,CAT-0063,Tanqueta de Aceite negro 20 L,97860,WAC_CONFIRMED,products.cost_average (frozen pre-purge; single-writer guard w62; wac_change_log empty for store),NO (backup payload has no per-product WAC field),0,97860
6a64f76b-3f72-4d2f-a90c-67d3cc096adc,CAT-0064,Tanqueta de antioxidante gris 20L,97860,WAC_CONFIRMED,products.cost_average (frozen pre-purge; single-writer guard w62; wac_change_log empty for store),NO (backup payload has no per-product WAC field),0,97860
402c85ed-1067-418b-932f-5b6ead480975,CAT-0065,Terminales eléctricas,2,WAC_CONFIRMED,products.cost_average (frozen pre-purge; single-writer guard w62; wac_change_log empty for store),NO (backup payload has no per-product WAC field),0,2
bc4498c8-8208-4142-a418-acf3759bb48b,CAT-0066,Tornillo M10,350,WAC_CONFIRMED,products.cost_average (frozen pre-purge; single-writer guard w62; wac_change_log empty for store),NO (backup payload has no per-product WAC field),0,350
e8210228-d972-4d63-aac9-69e73032b5ad,CAT-0067,Transfer monofásico 220,28350,WAC_CONFIRMED,products.cost_average (frozen pre-purge; single-writer guard w62; wac_change_log empty for store),NO (backup payload has no per-product WAC field),0,
14fcc881-07b0-4d0b-a9d6-98f153a763ce,CAT-0068,Transfer trifásico,40950,WAC_CONFIRMED,products.cost_average (frozen pre-purge; single-writer guard w62; wac_change_log empty for store),NO (backup payload has no per-product WAC field),0,40950
892b2bb1-518a-4198-bcc5-9145a8652641,CAT-0069,Unión universal de 3/4,1120,WAC_CONFIRMED,products.cost_average (frozen pre-purge; single-writer guard w62; wac_change_log empty for store),NO (backup payload has no per-product WAC field),0,1120
52a00c8f-e313-45d5-89e5-c341aa8c9b01,CAT-0070,Unión universal de media,840,WAC_CONFIRMED,products.cost_average (frozen pre-purge; single-writer guard w62; wac_change_log empty for store),NO (backup payload has no per-product WAC field),0,840
5c57135f-b7a9-4953-93d9-d7718ab178ba,CAT-0071,Uniones de media/Niple macho,210,WAC_CONFIRMED,products.cost_average (frozen pre-purge; single-writer guard w62; wac_change_log empty for store),NO (backup payload has no per-product WAC field),0,210
868d3a72-2805-4fff-b933-07540e053cdd,CAT-0072,Yee de 50,350,WAC_CONFIRMED,products.cost_average (frozen pre-purge; single-writer guard w62; wac_change_log empty for store),NO (backup payload has no per-product WAC field),0,350
8b626748-d51b-407e-b2ef-ce9b51cca089,CAT-0073,Interruptor doble,2100,WAC_CONFIRMED,products.cost_average (frozen pre-purge; single-writer guard w62; wac_change_log empty for store),NO (backup payload has no per-product WAC field),0,2100
70ad936d-524b-49f7-9a7b-5b1f204c59c8,CAT-0074,Controlador de línea,8400,WAC_CONFIRMED,products.cost_average (frozen pre-purge; single-writer guard w62; wac_change_log empty for store),NO (backup payload has no per-product WAC field),0,8400
2999d90d-9d23-490b-8663-b75f818b7c32,CAT-0075,Espigas de 15 AMP,1400,WAC_CONFIRMED,products.cost_average (frozen pre-purge; single-writer guard w62; wac_change_log empty for store),NO (backup payload has no per-product WAC field),0,1400
2dbfb550-4caf-4325-9ba5-8cca6f812017,CAT-0076,Toma corriente con tapa,2100,WAC_CONFIRMED,products.cost_average (frozen pre-purge; single-writer guard w62; wac_change_log empty for store),NO (backup payload has no per-product WAC field),0,2100
3006ba3e-ca21-4d15-92ab-c7a1a94171a1,CAT-0077,Teipe negro,1400,WAC_CONFIRMED,products.cost_average (frozen pre-purge; single-writer guard w62; wac_change_log empty for store),NO (backup payload has no per-product WAC field),0,1400
c8b1ce8a-1ae2-44e5-a51e-53ad46b47f67,CAT-0078,Tornillo con tuerca 4.8,420,WAC_CONFIRMED,products.cost_average (frozen pre-purge; single-writer guard w62; wac_change_log empty for store),NO (backup payload has no per-product WAC field),0,420
e533e794-cf92-4420-ac6b-f5caee2e0b88,CAT-0079,Interruptor y toma corriente,2100,WAC_CONFIRMED,products.cost_average (frozen pre-purge; single-writer guard w62; wac_change_log empty for store),NO (backup payload has no per-product WAC field),0,2100
26fdac16-4d7a-4e17-8864-c9cc690206ab,CAT-0080,Brecker C32A Sencillo,3150,WAC_CONFIRMED,products.cost_average (frozen pre-purge; single-writer guard w62; wac_change_log empty for store),NO (backup payload has no per-product WAC field),0,3150
f648c3f8-0c60-4559-b76b-95bc02d9a816,CAT-0081,Bridas de 4x8 400mm,2,WAC_CONFIRMED,products.cost_average (frozen pre-purge; single-writer guard w62; wac_change_log empty for store),NO (backup payload has no per-product WAC field),0,2
1a571786-83ec-44e2-aed2-48b5dbe79f25,CAT-0082,Cripiadora con pela cable Anaranjada,125999.99999999999,WAC_CONFIRMED,products.cost_average (frozen pre-purge; single-writer guard w62; wac_change_log empty for store),NO (backup payload has no per-product WAC field),0,125999.99999999999
df97049c-0d66-4850-afc7-a964af2f52e7,CAT-0083,Cripiadora Roja con 6 dabas rojas,113400,WAC_CONFIRMED,products.cost_average (frozen pre-purge; single-writer guard w62; wac_change_log empty for store),NO (backup payload has no per-product WAC field),0,113400
aab1bd0b-6cc1-44bf-8d7c-55582a7ec0f5,CAT-0084,Conector XT60,9100,WAC_CONFIRMED,products.cost_average (frozen pre-purge; single-writer guard w62; wac_change_log empty for store),NO (backup payload has no per-product WAC field),0,
de015bd9-ff44-48fc-bfd7-f37adf29b66e,CAT-0085,Panel 585,239400,WAC_CONFIRMED,products.cost_average (frozen pre-purge; single-writer guard w62; wac_change_log empty for store),NO (backup payload has no per-product WAC field),0,239400
2bd13c85-b960-4952-b014-04e04aab3fb1,CAT-0086,Panel 630,233100,WAC_CONFIRMED,products.cost_average (frozen pre-purge; single-writer guard w62; wac_change_log empty for store),NO (backup payload has no per-product WAC field),0,
983e5726-a068-44b0-98b8-fef76ac481f1,CAT-0087,Cable Solar Negro 4mm,2835,WAC_CONFIRMED,products.cost_average (frozen pre-purge; single-writer guard w62; wac_change_log empty for store),NO (backup payload has no per-product WAC field),0,2835
99885245-d370-46ea-99d9-176180574f77,CAT-0088,Cable Solar Rojo 4mm,2835,WAC_CONFIRMED,products.cost_average (frozen pre-purge; single-writer guard w62; wac_change_log empty for store),NO (backup payload has no per-product WAC field),0,2835
9fb22bdf-6a2c-4e9b-9fae-3db0e7438bd8,CAT-0089,Cable Solar Negro 6mm,3150,WAC_CONFIRMED,products.cost_average (frozen pre-purge; single-writer guard w62; wac_change_log empty for store),NO (backup payload has no per-product WAC field),0,
7a73a85b-8a66-48d9-a7c3-7f9c91301ade,CAT-0090,Cable Solar Rojo 6mm,3150,WAC_CONFIRMED,products.cost_average (frozen pre-purge; single-writer guard w62; wac_change_log empty for store),NO (backup payload has no per-product WAC field),0,3150
e1c23a92-e7b5-4b6a-8d8f-ee91aa053c81,CAT-0092,Juego de pata,2,WAC_CONFIRMED,products.cost_average (frozen pre-purge; single-writer guard w62; wac_change_log empty for store),NO (backup payload has no per-product WAC field),0,2
8d00b701-caee-45b7-9f2f-3469e72baca5,CAT-0094,Barrena 6mm Madera,2,WAC_CONFIRMED,products.cost_average (frozen pre-purge; single-writer guard w62; wac_change_log empty for store),NO (backup payload has no per-product WAC field),0,2
435fb1f5-8089-4610-87d6-df60a7d7d95d,CAT-0095,Barrena 34mm Madera,2,WAC_CONFIRMED,products.cost_average (frozen pre-purge; single-writer guard w62; wac_change_log empty for store),NO (backup payload has no per-product WAC field),0,2
e05066d4-f1a4-44fe-98f4-b068afc571c7,CAT-0096,Barrena 5mm Madera,2,WAC_CONFIRMED,products.cost_average (frozen pre-purge; single-writer guard w62; wac_change_log empty for store),NO (backup payload has no per-product WAC field),0,2
c24ad180-6d3f-4dfd-9625-d569b396951b,CAT-0097,Disco de corte,2,WAC_CONFIRMED,products.cost_average (frozen pre-purge; single-writer guard w62; wac_change_log empty for store),NO (backup payload has no per-product WAC field),0,2
32ac0c01-83af-47b3-8dfe-0b07c9810106,CAT-0098,Limpia parabrisa,2,WAC_CONFIRMED,products.cost_average (frozen pre-purge; single-writer guard w62; wac_change_log empty for store),NO (backup payload has no per-product WAC field),0,2
7f77f10d-f30f-4de3-888f-4888e1d63b33,CAT-0099,Electrodo 4mm,2,WAC_CONFIRMED,products.cost_average (frozen pre-purge; single-writer guard w62; wac_change_log empty for store),NO (backup payload has no per-product WAC field),0,2
6de05641-c590-4527-81b1-f220b6f9969e,CAT-0101,Canal de media,2,WAC_CONFIRMED,products.cost_average (frozen pre-purge; single-writer guard w62; wac_change_log empty for store),NO (backup payload has no per-product WAC field),0,2
fc605995-ed45-4e93-a774-27e0fa858e71,CAT-0102,Cajas eléctricas,2,WAC_CONFIRMED,products.cost_average (frozen pre-purge; single-writer guard w62; wac_change_log empty for store),NO (backup payload has no per-product WAC field),0,2
f5c8fd29-73e1-4b34-b2e3-7647437baf67,CAT-0103,Perfiles para brecker,2,WAC_CONFIRMED,products.cost_average (frozen pre-purge; single-writer guard w62; wac_change_log empty for store),NO (backup payload has no per-product WAC field),0,2
887141dc-e091-4406-aba7-95435fdd3ded,CAT-0104,Terminales cubanas,2,WAC_CONFIRMED,products.cost_average (frozen pre-purge; single-writer guard w62; wac_change_log empty for store),NO (backup payload has no per-product WAC field),0,2
63f0eeea-3d37-4f9e-b76f-0174551e7dab,CAT-0105,Cajita breckera sencilla,2,WAC_CONFIRMED,products.cost_average (frozen pre-purge; single-writer guard w62; wac_change_log empty for store),NO (backup payload has no per-product WAC field),0,2
20113ad5-0460-4fa7-8521-52a5f16bc708,CAT-0106,Tornillo con arandela,2,WAC_CONFIRMED,products.cost_average (frozen pre-purge; single-writer guard w62; wac_change_log empty for store),NO (backup payload has no per-product WAC field),0,2
5d6de612-3f04-4a6f-9769-4102809eca79,CAT-0107,Caja de distribución TRIC,2,WAC_CONFIRMED,products.cost_average (frozen pre-purge; single-writer guard w62; wac_change_log empty for store),NO (backup payload has no per-product WAC field),0,2
54f03982-4f3e-42b5-a399-f5331833538c,CAT-0108,Cajita Breckera sencilla gris,2,WAC_CONFIRMED,products.cost_average (frozen pre-purge; single-writer guard w62; wac_change_log empty for store),NO (backup payload has no per-product WAC field),0,2
670a4628-00d7-467d-bfc7-11f73a155bb1,CAT-0109,inicio Z,1.0189,WAC_CONFIRMED,products.cost_average (frozen pre-purge; single-writer guard w62; wac_change_log empty for store),NO (backup payload has no per-product WAC field),0,1.0189
5d7b5973-abab-4769-af06-78993d0a39b9,CAT-0110,Intermedio,2,WAC_CONFIRMED,products.cost_average (frozen pre-purge; single-writer guard w62; wac_change_log empty for store),NO (backup payload has no per-product WAC field),0,2
f9fa0dbc-9fdc-49b0-8d43-58e5df1c8fbe,CAT-0111,Grapas plasticas con clavo de acero,3500,WAC_CONFIRMED,products.cost_average (frozen pre-purge; single-writer guard w62; wac_change_log empty for store),NO (backup payload has no per-product WAC field),0,3500
0a1bce2e-6fbd-4cc3-9f90-91c3cc90aae6,CAT-0112,Grapas metalicas 3/4 con tornillo roscante,2,WAC_CONFIRMED,products.cost_average (frozen pre-purge; single-writer guard w62; wac_change_log empty for store),NO (backup payload has no per-product WAC field),0,2
53a5555e-9788-4cd8-a068-00f17a95ed60,CAT-0113,Goma Termo Retractil,280,WAC_CONFIRMED,products.cost_average (frozen pre-purge; single-writer guard w62; wac_change_log empty for store),NO (backup payload has no per-product WAC field),0,280
721b1217-1812-449d-9c92-bb89b080f7f6,CAT-0114,Combustible,2,WAC_CONFIRMED,products.cost_average (frozen pre-purge; single-writer guard w62; wac_change_log empty for store),NO (backup payload has no per-product WAC field),0,2
b0aa4eaa-9866-4d20-9a19-69167fccaaa2,CAT-0115,Estación solar,1398600,WAC_CONFIRMED,products.cost_average (frozen pre-purge; single-writer guard w62; wac_change_log empty for store),NO (backup payload has no per-product WAC field),0,
10a6cca7-c6fd-4ec5-8d95-49c76b14ad5e,CAT-0116,Pintura Blanca 5L,4200,WAC_CONFIRMED,products.cost_average (frozen pre-purge; single-writer guard w62; wac_change_log empty for store),NO (backup payload has no per-product WAC field),0,
2fbd9764-93f1-40ae-99ed-15ae5da4e40c,CAT-0117,Inversor,2016000,WAC_CONFIRMED,products.cost_average (frozen pre-purge; single-writer guard w62; wac_change_log empty for store),NO (backup payload has no per-product WAC field),0,
5bf782be-70c8-4870-9514-46bc2ae9db69,CONC-1786067801,Concurrent Recv Test,4,WAC_CONFIRMED,products.cost_average (frozen pre-purge; single-writer guard w62; wac_change_log empty for store),NO (backup payload has no per-product WAC field),0,
530e198c-0d42-4b36-852e-ba86f4431d94,PRODWAC-1786069598,PROD WAC Verify 1786069598,5,WAC_CONFIRMED,products.cost_average (frozen pre-purge; single-writer guard w62; wac_change_log empty for store),NO (backup payload has no per-product WAC field),0,
aa5e148b-df42-4349-a131-867767352669,TASA-EXT-1786067764,Tasa Extrema Test,1090908,WAC_CONFIRMED,products.cost_average (frozen pre-purge; single-writer guard w62; wac_change_log empty for store),NO (backup payload has no per-product WAC field),0,
94e53fd4-75ae-4924-a1b1-1b3d13f90df8,VOID-1786067801,Void WAC Test,4.5,WAC_CONFIRMED,products.cost_average (frozen pre-purge; single-writer guard w62; wac_change_log empty for store),NO (backup payload has no per-product WAC field),0,
185f1c6f-e58a-4231-b39a-3a52f2c7ef22,VOIDTRACE-1786068382,VOID Trace Test 1786068382,4.5,WAC_CONFIRMED,products.cost_average (frozen pre-purge; single-writer guard w62; wac_change_log empty for store),NO (backup payload has no per-product WAC field),0,
7049d300-7e08-42f0-b081-d373a331d88c,WAC-1786067683,WAC Test Product 1786067683,4,WAC_CONFIRMED,products.cost_average (frozen pre-purge; single-writer guard w62; wac_change_log empty for store),NO (backup payload has no per-product WAC field),0,
7dbff68e-3ad1-479b-b228-f81021699ed4,WACFINAL-1786069134,WAC Final Test 1786069134,4.333333333333333,WAC_CONFIRMED,products.cost_average (frozen pre-purge; single-writer guard w62; wac_change_log empty for store),NO (backup payload has no per-product WAC field),0,
b7bd618c-38b4-475c-b775-dc81b233a825,WACFIX-1786068956,WAC Fix Test 1786068956,3.8889,WAC_CONFIRMED,products.cost_average (frozen pre-purge; single-writer guard w62; wac_change_log empty for store),NO (backup payload has no per-product WAC field),0,
e9541bb4-97c2-4f1d-9cb2-836c38beefd7,WACFN-1786069224,WAC FINAL 1786069224,5,WAC_CONFIRMED,products.cost_average (frozen pre-purge; single-writer guard w62; wac_change_log empty for store),NO (backup payload has no per-product WAC field),0,
8f4e2708-540c-477b-bef7-9aed96771a8f,WACTRACE-1786068302,WAC Trace Test 1786068302,4,WAC_CONFIRMED,products.cost_average (frozen pre-purge; single-writer guard w62; wac_change_log empty for store),NO (backup payload has no per-product WAC field),0,
