codigo,producto,inicial,ventas,vs,entradas,dv,esperado,costpro,delta,observacion
"1","Abrazadera metálica de 3/4","18","0","0","0","0","18","18","0",""
"10","Brida 58","0","0","0","0","0","0","0","0",""
"100","Autorroscante chiquito","0","0","0","0","0","0","0","0",""
"101","Canal de media","0","0","0","0","0","0","0","0",""
"102","Cajas eléctricas","20","0","0","0","0","20","20","0",""
"103","Perfiles para brecker","3","0","1","0","0","2","2","0",""
"104","Terminales cubanas","0","0","0","0","0","0","0","0",""
"105","Cajita breckera sencilla","0","0","0","0","0","0","0","0",""
"106","Tornillo con arandela","11","0","11","0","0","0","0","0",""
"107","Caja de distribución TRIC","2","0","0","0","0","2","2","0",""
"108","Cajita Breckera sencilla gris","1","0","0","0","0","1","1","0",""
"109","inicio Z","6","0","0","0","0","6","6","0",""
"11","Cabilla 70 Cm","6","0","0","0","0","6","6","0",""
"110","Intermedio","0","0","0","0","0","0","0","0",""
"111","Grapas plasticas con clavo de acero","46","0","1","0","0","45","45","0",""
"112","Grapas metalicas 3/4 con tornillo roscante","79","0","1","0","0","78","78","0","delta +3: venta r19 bloqueada DF-02 (zero-WAC sin flag) — documentado, no corregido"
"113","Goma Termo Retractil","130","0","0","0","0","130","130","0",""
"114","Combustible","0","0","0","0","0","0","0","0",""
"115","Canaleta ","51","0","0","0","0","51","51","0",""
"116","Herraje","1","0","0","0","0","1","1","0",""
"117","Inversor","3","0","0","0","0","3","3","0",""
"118","Barilla de Tierra","0","0","0","0","0","0","0","0",""
"119","Yee MC4","0","0","0","0","0","0","0","0",""
"12","Cable Conductor electrico 10","0","0","0","0","0","0","0","0",""
"120","Estación de carga","0","0","0","0","0","0","0","0",""
"121","Supresores","3","0","0","0","0","3","3","0",""
"122","Controladores de voltaje","2","0","0","0","0","2","2","0",""
"123","Alarma","6","0","0","0","0","6","6","0",""
"124","Linterna de casa 4.2 V","5","0","0","0","0","5","5","0",""
"125","Linterna de cabeza de 15W","4","0","0","0","0","4","4","0",""
"126","Linterna solar","1","0","0","0","0","1","1","0",""
"127","Transfer 220","0","0","0","0","0","0","0","0",""
"128","Brecker 63 AMP Corriente alterna","5","0","0","0","0","5","5","0",""
"129","Maleta de herramientas","0","0","0","0","0","0","0","0",""
"13","Cable Conductor electrico 8","0","0","0","0","0","0","0","0",""
"130","Breckera SPC","1","0","0","0","0","1","1","0",""
"131","Panel de 550W","4","0","0","0","0","4","4","0",""
"132","Brecker 32 A Alternar Doble","0","0","0","0","0","0","0","0",""
"133","Ventiladores recargables","0","0","0","0","0","0","0","0",""
"134","U de aluminio o intermedio","25","0","0","0","0","25","25","0",""
"135","Cable 6","27.5","0","0","0","0","27.5","27.5","0",""
"136","Bateria EKO 5KW","0","0","0","0","0","0","0","0",""
"137","Tubo blanco de condulei  de 1/2 de 5M","200","0","0","0","0","200","200","0",""
"138","Kid de 6 K Inversor - 5K Bateria +Accesorios","0","0","0","0","0","0","0","0",""
"139","Panel de 640 W Suntech","19","0","1","0","0","18","18","0",""
"14","Distribuidor de corriente 4 salidas","16","0","0","0","0","16","16","0",""
"140","Breckera de 9 posiciones","1","0","0","0","0","1","1","0",""
"141","Cemento TBV 50 Kg","13","7","2","0","0","4","4","0",""
"142","Cemento Blanco 2 Kg","30","0","0","0","0","30","30","0",""
"143","Filtros de Gasolina","28","0","0","0","0","28","28","0",""
"144","Fusible de auntomovil","300","0","0","0","0","300","300","0",""
"145","Tunder 24 Vol","1","0","0","0","0","1","1","0",""
"146","Tunder Grande","1","0","0","0","0","1","1","0",""
"147","MPPT","8","0","1","0","0","7","7","0",""
"148","Huncong (Medir corriente)","0","0","0","0","0","0","0","0",""
"149","Voltímetro","0","0","0","0","0","0","0","0",""
"15","Cemento Cola","41","0","0","0","0","41","41","0",""
"150","Batería 7.5 Kilos 21.8 V 314 Ah","10","0","0","0","0","10","10","0",""
"151","Inversor Sumry","5","0","0","0","0","5","5","0",""
"152","Equipo Música DAZONE","1","0","0","0","0","1","1","0",""
"153","Taladro con bateria y barrena","1","0","0","0","0","1","1","0",""
"154","Breckera de 12 posiciones","6","0","0","0","0","6","6","0",""
"155","Compresor de aire","2","0","0","0","0","2","2","0",""
"16","Cemento P425 Tudella","0","0","0","0","0","0","0","0",""
"17","Césped Artificial","0","0","0","0","0","0","0","0",""
"18","Cheques metálicos","1","0","0","0","0","1","1","0",""
"19","Codo de 90","18","2","0","0","0","16","16","0",""
"2","Abrazadera metálica de 1 pulgada","32","0","0","0","0","32","32","0",""
"20","Codos de 45 grado","15","0","0","0","0","15","15","0",""
"21","Colchón Milexus","0","0","0","0","0","0","0","0",""
"22","Conectores MC4","79","1","0","0","0","78","78","0",""
"23","Cuchilla 2P 100A","0","0","0","0","0","0","0","0",""
"24","Cuchilla 2P 63A","0","0","0","0","0","0","0","0",""
"25","Cuchilla 3P 100A","0","0","0","0","0","0","0","0",""
"26","Disco de esmeril","3","0","0","0","0","3","3","0",""
"27","Escobas","3","0","0","0","0","3","3","0",""
"28","Espejo","33","0","0","0","0","33","33","0",""
"29","Expansiones 8x80","519","0","16","0","0","503","503","0",""
"3","Araganes","0","0","0","0","0","0","0","0",""
"30","Expansiones anaranjada 6*40mm /Rapita","9","0","0","0","0","9","9","0",""
"31","Expansiones con tornillos M6","1","0","0","0","0","1","1","0",""
"32","Expansiones con tornillos M8","0","0","0","0","0","0","0","0",""
"33","Extensiones 5M","5","0","0","0","0","5","5","0",""
"34","Fregadero","1","1","0","0","0","0","0","0",""
"35","Fuerte eléctrico","62","0","6","0","0","56","56","0",""
"36","Impermeable verde 20Kg","2","0","0","0","0","2","2","0",""
"37","J de techo","25","0","0","0","0","25","25","0",""
"38","Lampara de 20","19","0","0","0","0","19","19","0",""
"39","Tubo de Lampara de 40","8","0","0","0","0","8","8","0",""
"4","Bisagra","1","0","0","0","0","1","1","0",""
"40","Latiguillo de media por 3/8","7","0","0","0","0","7","7","0",""
"41","Latiguillo MC4","0","0","0","0","0","0","0","0",""
"42","Llave de lavamano","0","0","0","0","0","0","0","0",""
"43","Losa aporcelanada 60x60","0","0","0","0","0","0","0","0",""
"44","Losa aporcelanada 60x60 con defectos","0","0","0","0","0","0","0","0",""
"45","Malla perli","3","0","2","0","0","1","1","0",""
"46","Masilla interior blanca","3","0","0","0","0","3","3","0",""
"47","Mortero","7","0","0","0","0","7","7","0",""
"48","Nudo de media","38","0","0","0","0","38","38","0","delta +1: venta r06 bloqueada DF-02 (zero-WAC sin flag) — documentado, no corregido"
"49","Nudos de 3/4","8","0","0","0","0","8","8","0",""
"5","Brecker 16A Sencillo","0","0","0","0","0","0","0","0",""
"50","Nudos de 50","8","0","0","0","0","8","8","0",""
"51","Pintura Casa Blanca 14L","0","0","0","0","0","0","0","0",""
"52","Pintura Verde 4L","42","0","0","0","0","42","42","0",""
"53","Planchas de zinc","0","0","0","0","0","0","0","0",""
"54","Porta Fusibles","0","0","0","0","0","0","0","0",""
"55","Purles","7","0","7","0","0","0","0","0",""
"56","Reducido de 3/4","0","0","0","0","0","0","0","0",""
"57","Rodillo","0","0","0","0","0","0","0","0",""
"58","Rosca Chapa","0","0","0","0","0","0","0","0",""
"59","Soporte de papel higiénico","1","0","0","0","0","1","1","0",""
"6","Brecker 25 A Sencillo","0","0","0","0","0","0","0","0",""
"60","Supresores de sobretensiones","0","0","0","0","0","0","0","0",""
"61","T de media","19","0","0","0","0","19","19","0",""
"62","T de pulgada a 3/4","4","0","0","0","0","4","4","0",""
"63","Tanqueta de Aceite negro 20 L","1","0","0","0","0","1","1","0",""
"64","Tanqueta de antioxidante gris 20L","0","0","0","0","0","0","0","0",""
"65","Terminales eléctricas","0","0","0","0","0","0","0","0",""
"66","Tornillo M10","98","0","0","0","0","98","98","0",""
"67","Transfer monofásico","0","0","0","0","0","0","0","0",""
"68","Transfer trifásico","0","0","0","0","0","0","0","0",""
"69","Unión universal de 3/4","0","0","0","0","0","0","0","0",""
"7","Brecker 32A Trifasico","0","0","0","0","0","0","0","0",""
"70","Unión universal de media","76","0","0","0","0","76","76","0",""
"71","Uniones de media/Niple macho","106","0","0","0","0","106","106","0",""
"72","Yee de 50","6","0","0","0","0","6","6","0",""
"73","Interruptor doble","6","0","0","0","0","6","6","0",""
"74","Controlador de línea","0","0","0","0","0","0","0","0",""
"75","Espigas de 15 AMP","0","0","0","0","0","0","0","0",""
"76","Toma corriente con tapa","0","0","0","0","0","0","0","0",""
"77","Teipe negro","1","0","1","0","0","0","0","0",""
"78","Tornillo con tuerca 4.8","0","0","0","0","0","0","0","0",""
"79","Interruptor y toma corriente","0","0","0","0","0","0","0","0",""
"8","Brecker C32 A Trible","0","0","0","0","0","0","0","0",""
"80","Brecker C32A Doble","0","0","0","0","0","0","0","0",""
"81","Bridas de 4x8 400mm","15","0","15","0","0","0","0","0",""
"82","Crimpiadora con pela cable Anaranjada","0","0","0","0","0","0","0","0",""
"83","Crimpiadora Roja con 6 dabas rojas","3","0","0","0","0","3","3","0",""
"84","Conector XT60","36","1","0","0","0","35","35","0",""
"85","Panel 585","0","0","0","0","0","0","0","0",""
"86","Panel + 600W","0","0","0","0","0","0","0","0",""
"87","Cable Solar Negro 4mm","81","0","0","0","0","81","81","0",""
"88","Cable Solar Rojo 4mm","81","0","0","0","0","81","81","0",""
"89","Cable Solar Negro 6mm","0","0","0","0","0","0","0","0",""
"9","Brecker D63 A","1","0","1","0","0","0","0","0","delta -1: DV bloqueada (original ambigua) — documentado, no corregido"
"90","Cable Solar Rojo 6mm","3","0","0","0","0","3","3","0",""
"91","Liquidación OT 16","0","0","0","0","0","0","0","0",""
"92","Juego de pata","7","0","0","0","0","7","7","0",""
"93","Liquidacion de OT 12","0","0","0","0","0","0","0","0",""
"94","Barrena 6mm Madera","2","0","0","0","0","2","2","0",""
"95","Barrena 34mm Madera","36","0","0","0","0","36","36","0",""
"96","Barrena 5mm Madera","212","0","0","0","0","212","212","0",""
"97","Disco de corte","6","0","6","0","0","0","0","0",""
"98","Limpia parabrisa","42","0","0","0","0","42","42","0",""
"99","Electrodo 4mm","52","0","0","0","0","52","52","0",""
"998","Servicio de Carga/Capacidad","0","0","0","0","0","0","0","0",""
"999","Servicio de crimpiar","0","0","0","0","0","0","0","0",""
