fila,clasificacion,codigo,producto,cantidad,fecha_operacion,documento_id,documento_numero,total_o_costo,usuario,tienda,ot_relacionada,movimiento_inventario,audit_event,pago_metodo,pago_monto,comision_papel,nota_preservada,resultado
"r01","DV","9","Brecker D63 A","1","2026-10-05T16:00:00Z (12:00 Havana)","-","-","-","admin@demo.com (a1111111-1111-1111-1111-111111111111)","ENERVIDA-VITALLCONS (5e6fe821)","-","-","-","-","-","-","Brecker D 63A","BLOQUEADA"
"r02","VS","9","Brecker D63 A","1","2026-10-05T16:00:00Z (12:00 Havana)","c25aca39-e1ff-4009-aed1-3f2728f962ba","VS-000126-2026","0","admin@demo.com (a1111111-1111-1111-1111-111111111111)","ENERVIDA-VITALLCONS (5e6fe821)","Ninguna (OT/54/46/Ferro no existen en CostPro — ver FLOW-DISCOVERY §4)","stock_movements(-1, 'issue_slip_out')","CREATE_VALE_SALIDA","-","-","-","OT/54 | fila 05/10/2026 #02 ENERVIDA","OK"
"r03","VS","139","Panel de 640 W Suntech","1","2026-10-05T16:00:00Z (12:00 Havana)","dd75f795-97f6-4582-b542-43decd496b2d","VS-000127-2026","1","admin@demo.com (a1111111-1111-1111-1111-111111111111)","ENERVIDA-VITALLCONS (5e6fe821)","Ninguna (OT/54/46/Ferro no existen en CostPro — ver FLOW-DISCOVERY §4)","stock_movements(-1, 'issue_slip_out')","CREATE_VALE_SALIDA","-","-","-","Panel de 640 W Suntech | fila 05/10/2026 #03 ENERVIDA","OK"
"r04","VS","103","Perfiles para brecker","1","2026-10-05T16:00:00Z (12:00 Havana)","5bae5181-fe1b-4a3f-af6a-763c0a728e08","VS-000128-2026","1","admin@demo.com (a1111111-1111-1111-1111-111111111111)","ENERVIDA-VITALLCONS (5e6fe821)","Ninguna (OT/54/46/Ferro no existen en CostPro — ver FLOW-DISCOVERY §4)","stock_movements(-1, 'issue_slip_out')","CREATE_VALE_SALIDA","-","-","-","Perfiles para brecker | fila 05/10/2026 #04 ENERVIDA","OK"
"r05","VS","147","MPPT","1","2026-10-05T16:00:00Z (12:00 Havana)","916dc14f-685e-4bd8-90c2-8b6e877911d8","VS-000129-2026","1","admin@demo.com (a1111111-1111-1111-1111-111111111111)","ENERVIDA-VITALLCONS (5e6fe821)","Ninguna (OT/54/46/Ferro no existen en CostPro — ver FLOW-DISCOVERY §4)","stock_movements(-1, 'issue_slip_out')","CREATE_VALE_SALIDA","-","-","-","MPPT | fila 05/10/2026 #05 ENERVIDA","OK"
"r06","VENTA","48","Nudo de media","1","2026-10-05T16:00:00Z (12:00 Havana)","-","-","-","admin@demo.com (a1111111-1111-1111-1111-111111111111)","ENERVIDA-VITALLCONS (5e6fe821)","-","stock_movements(-1, 'sale')","CREATE_SALE_V2","-","-","-","Nudo de media","BLOQUEADA"
"r07","VS","29","Expansiones 8x80","16","2026-10-05T16:00:00Z (12:00 Havana)","5cda3705-de3b-42d0-a2bf-4d0fc0388a23","VS-000130-2026","3200","admin@demo.com (a1111111-1111-1111-1111-111111111111)","ENERVIDA-VITALLCONS (5e6fe821)","Ninguna (OT/54/46/Ferro no existen en CostPro — ver FLOW-DISCOVERY §4)","stock_movements(-16, 'issue_slip_out')","CREATE_VALE_SALIDA","-","-","-","Expansiones 8x80 | fila 05/10/2026 #07 ENERVIDA","OK"
"r08","VS","35","Fuerte eléctrico","6","2026-10-05T16:00:00Z (12:00 Havana)","511dd6db-9f82-43d8-967d-ffe60352600b","VS-000131-2026","0","admin@demo.com (a1111111-1111-1111-1111-111111111111)","ENERVIDA-VITALLCONS (5e6fe821)","Ninguna (OT/54/46/Ferro no existen en CostPro — ver FLOW-DISCOVERY §4)","stock_movements(-6, 'issue_slip_out')","CREATE_VALE_SALIDA","-","-","-","Fuete eléctrico | fila 05/10/2026 #08 ENERVIDA","OK"
"r09","VS","45","Malla perli","2","2026-10-05T16:00:00Z (12:00 Havana)","518caf68-d3f3-486d-bafd-50e255f25490","VS-000132-2026","0","admin@demo.com (a1111111-1111-1111-1111-111111111111)","ENERVIDA-VITALLCONS (5e6fe821)","Ninguna (OT/54/46/Ferro no existen en CostPro — ver FLOW-DISCOVERY §4)","stock_movements(-2, 'issue_slip_out')","CREATE_VALE_SALIDA","-","-","-","Malla perli | fila 05/10/2026 #09 ENERVIDA","OK"
"r10","VS","55","Purles","7","2026-10-05T16:00:00Z (12:00 Havana)","281cd402-9903-417d-9a94-19d5aa4a2e72","VS-000133-2026","7","admin@demo.com (a1111111-1111-1111-1111-111111111111)","ENERVIDA-VITALLCONS (5e6fe821)","Ninguna (OT/54/46/Ferro no existen en CostPro — ver FLOW-DISCOVERY §4)","stock_movements(-7, 'issue_slip_out')","CREATE_VALE_SALIDA","-","-","-","Purles | fila 05/10/2026 #10 ENERVIDA","OK"
"r11","VS","77","Teipe negro","1","2026-10-05T16:00:00Z (12:00 Havana)","4d471635-5b1a-4686-8cb1-645805d94d86","VS-000134-2026","1000","admin@demo.com (a1111111-1111-1111-1111-111111111111)","ENERVIDA-VITALLCONS (5e6fe821)","Ninguna (OT/54/46/Ferro no existen en CostPro — ver FLOW-DISCOVERY §4)","stock_movements(-1, 'issue_slip_out')","CREATE_VALE_SALIDA","-","-","-","Teipe negro | fila 05/10/2026 #11 ENERVIDA","OK"
"r12","VS","81","Bridas de 4x8 400mm","15","2026-10-05T16:00:00Z (12:00 Havana)","d00646ac-4270-43ba-95e1-e81191971222","VS-000135-2026","0","admin@demo.com (a1111111-1111-1111-1111-111111111111)","ENERVIDA-VITALLCONS (5e6fe821)","Ninguna (OT/54/46/Ferro no existen en CostPro — ver FLOW-DISCOVERY §4)","stock_movements(-15, 'issue_slip_out')","CREATE_VALE_SALIDA","-","-","-","Bridas de 4x8 400mm | fila 05/10/2026 #12 ENERVIDA","OK"
"r13","VS","97","Disco de corte","6","2026-10-05T16:00:00Z (12:00 Havana)","4d62ea41-ff38-41f1-b7ba-374b1ee120e2","VS-000136-2026","0","admin@demo.com (a1111111-1111-1111-1111-111111111111)","ENERVIDA-VITALLCONS (5e6fe821)","Ninguna (OT/54/46/Ferro no existen en CostPro — ver FLOW-DISCOVERY §4)","stock_movements(-6, 'issue_slip_out')","CREATE_VALE_SALIDA","-","-","-","Disco de corte | fila 05/10/2026 #13 ENERVIDA","OK"
"r14","VS","106","Tornillo con arandela","11","2026-10-05T16:00:00Z (12:00 Havana)","321d5203-d826-42b0-bd3e-5b6e72594409","VS-000137-2026","11","admin@demo.com (a1111111-1111-1111-1111-111111111111)","ENERVIDA-VITALLCONS (5e6fe821)","Ninguna (OT/54/46/Ferro no existen en CostPro — ver FLOW-DISCOVERY §4)","stock_movements(-11, 'issue_slip_out')","CREATE_VALE_SALIDA","-","-","-","Tornillo con arandela | fila 05/10/2026 #14 ENERVIDA","OK"
"r15","VS","112","Grapas metalicas 3/4 con tornillo roscante","1","2026-10-05T16:00:00Z (12:00 Havana)","de744e90-0c5d-4771-85dd-a1b9e6e9ff33","VS-000138-2026","0","admin@demo.com (a1111111-1111-1111-1111-111111111111)","ENERVIDA-VITALLCONS (5e6fe821)","Ninguna (OT/54/46/Ferro no existen en CostPro — ver FLOW-DISCOVERY §4)","stock_movements(-1, 'issue_slip_out')","CREATE_VALE_SALIDA","-","-","-","Grapas metálicas 3/4 con tornillo roscante | fila 05/10/2026 #15 ENERVIDA","OK"
"r16","VS","111","Grapas plasticas con clavo de acero","1","2026-10-05T16:00:00Z (12:00 Havana)","7876eb7e-0729-4701-afc3-791725129c1f","VS-000139-2026","0","admin@demo.com (a1111111-1111-1111-1111-111111111111)","ENERVIDA-VITALLCONS (5e6fe821)","Ninguna (OT/54/46/Ferro no existen en CostPro — ver FLOW-DISCOVERY §4)","stock_movements(-1, 'issue_slip_out')","CREATE_VALE_SALIDA","-","-","-","Grapas plásticas con clavo de acero | fila 05/10/2026 #16 ENERVIDA","OK"
"r17","VENTA","141","Cemento TBV 50 Kg","2","2026-10-05T16:00:00Z (12:00 Havana)","c733e193-c8bb-4a1b-b561-d0e15cef31b2","tx:c733e193-c8bb-4a1b-b561-d0e15cef31b2","40000","admin@demo.com (a1111111-1111-1111-1111-111111111111)","ENERVIDA-VITALLCONS (5e6fe821)","-","stock_movements(-2, 'sale')","CREATE_SALE_V2","-","40000","-","Cemento TBV 50 Kg","OK"
"r18","VENTA","19","Codo de 90","2","2026-10-05T16:00:00Z (12:00 Havana)","59a87d0f-1623-404b-93a7-3ee5c2bfe616","tx:59a87d0f-1623-404b-93a7-3ee5c2bfe616","400","admin@demo.com (a1111111-1111-1111-1111-111111111111)","ENERVIDA-VITALLCONS (5e6fe821)","-","stock_movements(-2, 'sale')","CREATE_SALE_V2","-","400","-","Codo de 90","OK"
"r19","VENTA","112","Grapas metalicas 3/4 con tornillo roscante","3","2026-10-05T16:00:00Z (12:00 Havana)","-","-","-","admin@demo.com (a1111111-1111-1111-1111-111111111111)","ENERVIDA-VITALLCONS (5e6fe821)","-","stock_movements(-3, 'sale')","CREATE_SALE_V2","-","-","-","Grapas metálicas 3/4 con tornillo roscante","BLOQUEADA"
"r20","VENTA","141","Cemento TBV 50 Kg","1","2026-10-05T16:00:00Z (12:00 Havana)","996f0253-1e1f-4fa9-97f8-b2935bcf1ec1","tx:996f0253-1e1f-4fa9-97f8-b2935bcf1ec1","20000","admin@demo.com (a1111111-1111-1111-1111-111111111111)","ENERVIDA-VITALLCONS (5e6fe821)","-","stock_movements(-1, 'sale')","CREATE_SALE_V2","-","20000","-","Cemento TBV 50 Kg","OK"
"r21","VENTA","84","Conector XT60","1","2026-10-05T16:00:00Z (12:00 Havana)","b80665d8-5988-469e-aff6-9fd9fe9cb7ba","tx:b80665d8-5988-469e-aff6-9fd9fe9cb7ba","6500","admin@demo.com (a1111111-1111-1111-1111-111111111111)","ENERVIDA-VITALLCONS (5e6fe821)","-","stock_movements(-1, 'sale')","CREATE_SALE_V2","-","6500","-","Conector XT60","OK"
"r22","VENTA","22","Conectores MC4","1","2026-10-05T16:00:00Z (12:00 Havana)","8e255a12-b66a-44b3-9c0c-ca3841a7849b","tx:8e255a12-b66a-44b3-9c0c-ca3841a7849b","5460","admin@demo.com (a1111111-1111-1111-1111-111111111111)","ENERVIDA-VITALLCONS (5e6fe821)","-","stock_movements(-1, 'sale')","CREATE_SALE_V2","-","5460","-","Conectores MC4","OK"
"r23","VS","141","Cemento TBV 50 Kg","2","2026-10-05T16:00:00Z (12:00 Havana)","fa1564a0-c465-4df8-84f3-360851592587","VS-000140-2026","2","admin@demo.com (a1111111-1111-1111-1111-111111111111)","ENERVIDA-VITALLCONS (5e6fe821)","Ninguna (OT/54/46/Ferro no existen en CostPro — ver FLOW-DISCOVERY §4)","stock_movements(-2, 'issue_slip_out')","CREATE_VALE_SALIDA","-","-","-","Cemento TBV 50 Kg | fila 05/10/2026 #23 ENERVIDA","OK"
"r24","VENTA","34","Fregadero","1","2026-10-05T16:00:00Z (12:00 Havana)","800de7ca-22f2-4b75-bbea-d4cc7b500900","tx:800de7ca-22f2-4b75-bbea-d4cc7b500900","29900","admin@demo.com (a1111111-1111-1111-1111-111111111111)","ENERVIDA-VITALLCONS (5e6fe821)","-","stock_movements(-1, 'sale')","CREATE_SALE_V2","-","29900","-","Fregadero","OK"
"r25","VENTA","141","Cemento TBV 50 Kg","1","2026-10-05T16:00:00Z (12:00 Havana)","1533040b-57cd-4a7f-9162-7ed1b44db5fc","tx:1533040b-57cd-4a7f-9162-7ed1b44db5fc","19000","admin@demo.com (a1111111-1111-1111-1111-111111111111)","ENERVIDA-VITALLCONS (5e6fe821)","-","stock_movements(-1, 'sale')","CREATE_SALE_V2","-","19000","-","Cemento TBV 50 Kg","OK"
"r26","VENTA","141","Cemento TBV 50 Kg","3","2026-10-05T16:00:00Z (12:00 Havana)","dc038979-ed1c-4982-86c2-a165c9a254d7","tx:dc038979-ed1c-4982-86c2-a165c9a254d7","60000","admin@demo.com (a1111111-1111-1111-1111-111111111111)","ENERVIDA-VITALLCONS (5e6fe821)","-","stock_movements(-3, 'sale')","CREATE_SALE_V2","-","60000","-","Cemento TBV 50 Kg","OK"
