policy	git_source	live_state	classification	detail
abc_classifications.abc_delete	git:20260726000003_v2_0_lots_warehouses_abc_reconciliation.sql	LIVE_PRESENT	MATCH_EXISTENCE	git_cmd=DELETE live_cmd=DELETE
abc_classifications.abc_insert	git:20260726000003_v2_0_lots_warehouses_abc_reconciliation.sql	LIVE_PRESENT	MATCH_EXISTENCE	git_cmd=INSERT live_cmd=INSERT
abc_classifications.abc_select	git:20260726000003_v2_0_lots_warehouses_abc_reconciliation.sql	LIVE_PRESENT	MATCH_EXISTENCE	git_cmd=SELECT live_cmd=SELECT
ai_api_keys.Users can manage their own AI keys	NOT_IN_GIT	LIVE_PRESENT	ORPHAN_LIVE	ALL
audit_events.audit_events_tenant_select	git:20260807000005_v2_21_0_rls_tenant_policies.sql	LIVE_PRESENT	MATCH_EXISTENCE	git_cmd=SELECT live_cmd=SELECT
audit_events.Deny direct writes to audit_events	NOT_IN_GIT	LIVE_PRESENT	ORPHAN_LIVE	INSERT
audit_events.Deny modifications to audit_events	git:20260324_total_remediation.sql	LIVE_PRESENT	MATCH_EXISTENCE	git_cmd=ALL live_cmd=ALL
audit_logs.Audit logs select	NOT_IN_GIT	LIVE_PRESENT	ORPHAN_LIVE	SELECT
audit_logs.audit_logs_insert_authenticated	git:20260803000001_v2_13_1_audit_logs_lockdown.sql	LIVE_PRESENT	MATCH_EXISTENCE	git_cmd=INSERT live_cmd=INSERT
audit_logs.audit_logs_select_own_and_managed	git:20260616000002_audit_logs_rls.sql	LIVE_PRESENT	MATCH_EXISTENCE	git_cmd=SELECT live_cmd=SELECT
backup_table_registry.registry_read_authenticated	git:20260802000006_v2_12_45_backup_registry.sql	LIVE_PRESENT	MATCH_EXISTENCE	git_cmd=SELECT live_cmd=SELECT
backup_table_registry.registry_write_admin_only	git:20260802000006_v2_12_45_backup_registry.sql	LIVE_PRESENT	MATCH_EXISTENCE	git_cmd=ALL live_cmd=ALL
bank_statement_items.bsi_insert	git:20260726000003_v2_0_lots_warehouses_abc_reconciliation.sql	LIVE_PRESENT	MATCH_EXISTENCE	git_cmd=INSERT live_cmd=INSERT
bank_statement_items.bsi_select	git:20260726000003_v2_0_lots_warehouses_abc_reconciliation.sql	LIVE_PRESENT	MATCH_EXISTENCE	git_cmd=SELECT live_cmd=SELECT
bank_statement_items.bsi_update	git:20260726000003_v2_0_lots_warehouses_abc_reconciliation.sql	LIVE_PRESENT	MATCH_EXISTENCE	git_cmd=UPDATE live_cmd=UPDATE
bank_statements.bs_delete	git:20260726000003_v2_0_lots_warehouses_abc_reconciliation.sql	LIVE_PRESENT	MATCH_EXISTENCE	git_cmd=DELETE live_cmd=DELETE
bank_statements.bs_insert	git:20260726000003_v2_0_lots_warehouses_abc_reconciliation.sql	LIVE_PRESENT	MATCH_EXISTENCE	git_cmd=INSERT live_cmd=INSERT
bank_statements.bs_select	git:20260726000003_v2_0_lots_warehouses_abc_reconciliation.sql	LIVE_PRESENT	MATCH_EXISTENCE	git_cmd=SELECT live_cmd=SELECT
bank_statements.bs_update	git:20260726000003_v2_0_lots_warehouses_abc_reconciliation.sql	LIVE_PRESENT	MATCH_EXISTENCE	git_cmd=UPDATE live_cmd=UPDATE
bulk_confirmation_tokens.bulk_tokens_owner_read	NOT_IN_GIT	LIVE_PRESENT	ORPHAN_LIVE	SELECT
bulk_ops_log.bulk_ops_log_owner	NOT_IN_GIT	LIVE_PRESENT	ORPHAN_LIVE	ALL
bulk_ops_log.bulk_ops_log_tenant_select	git:20260807000005_v2_21_0_rls_tenant_policies.sql	LIVE_PRESENT	MATCH_EXISTENCE	git_cmd=SELECT live_cmd=SELECT
business_events.System can insert events	NOT_IN_GIT	LIVE_PRESENT	ORPHAN_LIVE	INSERT
cash_closures.Cash closures unified	git:20260619000006_rls_policies_versioned.sql	LIVE_PRESENT	MATCH_EXISTENCE	git_cmd=ALL live_cmd=ALL
cash_closures.cash_closures_delete_rls	git:20260619000006_rls_policies_versioned.sql	LIVE_PRESENT	MATCH_EXISTENCE	git_cmd=DELETE live_cmd=DELETE
cash_closures.cash_closures_insert_rls	git:20260619000006_rls_policies_versioned.sql	LIVE_PRESENT	MATCH_EXISTENCE	git_cmd=INSERT live_cmd=INSERT
cash_closures.cash_closures_select_rls	git:20260619000006_rls_policies_versioned.sql	LIVE_PRESENT	MATCH_EXISTENCE	git_cmd=SELECT live_cmd=SELECT
cash_closures.cash_closures_tenant_insert_with_check	git:20260827000005_audit_f3p001_rls_write_isolation.sql	LIVE_PRESENT	MATCH_EXISTENCE	git_cmd=INSERT live_cmd=INSERT
cash_closures.cash_closures_update_rls	git:20260619000006_rls_policies_versioned.sql	LIVE_PRESENT	MATCH_EXISTENCE	git_cmd=UPDATE live_cmd=UPDATE
cash_movements.Cash movements access	git:20260619000006_rls_policies_versioned.sql	LIVE_PRESENT	MATCH_EXISTENCE	git_cmd=SELECT live_cmd=SELECT
cash_movements.Cash movements insert	git:20260619000006_rls_policies_versioned.sql	LIVE_PRESENT	MATCH_EXISTENCE	git_cmd=INSERT live_cmd=INSERT
cash_movements.cash_movements_insert	git:20260619000006_rls_policies_versioned.sql	LIVE_PRESENT	MATCH_EXISTENCE	git_cmd=INSERT live_cmd=INSERT
cash_movements.cash_movements_select	git:20260619000006_rls_policies_versioned.sql	LIVE_PRESENT	MATCH_EXISTENCE	git_cmd=SELECT live_cmd=SELECT
cash_register_sessions.Cash sessions unified	NOT_IN_GIT	LIVE_PRESENT	ORPHAN_LIVE	ALL
cash_sessions.cash_sessions_insert	git:20260619000006_rls_policies_versioned.sql	LIVE_PRESENT	MATCH_EXISTENCE	git_cmd=INSERT live_cmd=INSERT
cash_sessions.cash_sessions_select	git:20260619000006_rls_policies_versioned.sql	LIVE_PRESENT	MATCH_EXISTENCE	git_cmd=SELECT live_cmd=SELECT
cash_sessions.cash_sessions_update	git:20260619000006_rls_policies_versioned.sql	LIVE_PRESENT	MATCH_EXISTENCE	git_cmd=UPDATE live_cmd=UPDATE
categories.Categories unified	NOT_IN_GIT	LIVE_PRESENT	ORPHAN_LIVE	ALL
categories.categories_store_access	git:20260726000033_v2_12_1_categories_table.sql	LIVE_PRESENT	MATCH_EXISTENCE	git_cmd=ALL live_cmd=ALL
commission_payments.commission_payments_delete	git:20260626000003_workers_rls_admin_bypass.sql	LIVE_PRESENT	MATCH_EXISTENCE	git_cmd=DELETE live_cmd=DELETE
commission_payments.commission_payments_insert	git:20260626000003_workers_rls_admin_bypass.sql	LIVE_PRESENT	MATCH_EXISTENCE	git_cmd=INSERT live_cmd=INSERT
commission_payments.commission_payments_select	git:20260626000003_workers_rls_admin_bypass.sql	LIVE_PRESENT	MATCH_EXISTENCE	git_cmd=SELECT live_cmd=SELECT
commission_payments.commission_payments_service_role_all	git:20260626000002_workers_commissions.sql	LIVE_PRESENT	MATCH_EXISTENCE	git_cmd=ALL live_cmd=ALL
commission_payments.commission_payments_tenant_select	git:20260807000005_v2_21_0_rls_tenant_policies.sql	LIVE_PRESENT	MATCH_EXISTENCE	git_cmd=SELECT live_cmd=SELECT
commission_payments.commission_payments_update	git:20260626000003_workers_rls_admin_bypass.sql	LIVE_PRESENT	MATCH_EXISTENCE	git_cmd=UPDATE live_cmd=UPDATE
commission_reception_links.commission_reception_links_delete_admin	git:20260629000003_fix_rls_commission_reception_links.sql	LIVE_PRESENT	MATCH_EXISTENCE	git_cmd=DELETE live_cmd=DELETE
commission_reception_links.commission_reception_links_insert_admin	git:20260629000003_fix_rls_commission_reception_links.sql	LIVE_PRESENT	MATCH_EXISTENCE	git_cmd=INSERT live_cmd=INSERT
commission_reception_links.commission_reception_links_select_authenticated	git:20260629000003_fix_rls_commission_reception_links.sql	LIVE_PRESENT	MATCH_EXISTENCE	git_cmd=SELECT live_cmd=SELECT
commission_rule_products.commission_rule_products_delete	git:20260715000001_commission_advanced_rules.sql	LIVE_PRESENT	MATCH_EXISTENCE	git_cmd=DELETE live_cmd=DELETE
commission_rule_products.commission_rule_products_insert	git:20260715000001_commission_advanced_rules.sql	LIVE_PRESENT	MATCH_EXISTENCE	git_cmd=INSERT live_cmd=INSERT
commission_rule_products.commission_rule_products_select	git:20260715000001_commission_advanced_rules.sql	LIVE_PRESENT	MATCH_EXISTENCE	git_cmd=SELECT live_cmd=SELECT
commission_rule_products.commission_rule_products_service_role_all	git:20260715000001_commission_advanced_rules.sql	LIVE_PRESENT	MATCH_EXISTENCE	git_cmd=ALL live_cmd=ALL
commission_rule_products.commission_rule_products_update	git:20260715000008_commission_rule_products_per_product_config.sql	LIVE_PRESENT	MATCH_EXISTENCE	git_cmd=UPDATE live_cmd=UPDATE
commission_rule_versions.commission_rule_versions_select	git:20260626000003_workers_rls_admin_bypass.sql	LIVE_PRESENT	MATCH_EXISTENCE	git_cmd=SELECT live_cmd=SELECT
commission_rule_versions.commission_rule_versions_service_role_all	git:20260626000002_workers_commissions.sql	LIVE_PRESENT	MATCH_EXISTENCE	git_cmd=ALL live_cmd=ALL
commission_rules.commission_rules_delete	git:20260626000003_workers_rls_admin_bypass.sql	LIVE_PRESENT	MATCH_EXISTENCE	git_cmd=DELETE live_cmd=DELETE
commission_rules.commission_rules_insert	git:20260626000003_workers_rls_admin_bypass.sql	LIVE_PRESENT	MATCH_EXISTENCE	git_cmd=INSERT live_cmd=INSERT
commission_rules.commission_rules_select	git:20260626000003_workers_rls_admin_bypass.sql	LIVE_PRESENT	MATCH_EXISTENCE	git_cmd=SELECT live_cmd=SELECT
commission_rules.commission_rules_service_role_all	git:20260626000002_workers_commissions.sql	LIVE_PRESENT	MATCH_EXISTENCE	git_cmd=ALL live_cmd=ALL
commission_rules.commission_rules_tenant_select	git:20260807000005_v2_21_0_rls_tenant_policies.sql	LIVE_PRESENT	MATCH_EXISTENCE	git_cmd=SELECT live_cmd=SELECT
commission_rules.commission_rules_update	git:20260626000003_workers_rls_admin_bypass.sql	LIVE_PRESENT	MATCH_EXISTENCE	git_cmd=UPDATE live_cmd=UPDATE
cost_sheet_templates.Templates delete	git:20260325_add_store_id_to_templates.sql	LIVE_PRESENT	MATCH_EXISTENCE	git_cmd=DELETE live_cmd=DELETE
cost_sheet_templates.Templates insert	git:20260325_add_store_id_to_templates.sql	LIVE_PRESENT	MATCH_EXISTENCE	git_cmd=INSERT live_cmd=INSERT
cost_sheet_templates.Templates update	git:20260325_add_store_id_to_templates.sql	LIVE_PRESENT	MATCH_EXISTENCE	git_cmd=UPDATE live_cmd=UPDATE
cost_sheet_templates.Templates visibility	git:20260325_add_store_id_to_templates.sql	LIVE_PRESENT	MATCH_EXISTENCE	git_cmd=SELECT live_cmd=SELECT
cost_sheets.cost_sheets_owner_manage	git:20260326_multi_tenant_hardening.sql	LIVE_PRESENT	MATCH_EXISTENCE	git_cmd=ALL live_cmd=ALL
cost_sheets.cost_sheets_selective_read	git:20260326_multi_tenant_hardening.sql	LIVE_PRESENT	MATCH_EXISTENCE	git_cmd=SELECT live_cmd=SELECT
customers.customers_delete_own_store	git:20260726000002_v1_2_devolutions_customers_quotations_kardex_fiscal.sql	LIVE_PRESENT	MATCH_EXISTENCE	git_cmd=DELETE live_cmd=DELETE
customers.customers_insert_own_store	git:20260726000002_v1_2_devolutions_customers_quotations_kardex_fiscal.sql	LIVE_PRESENT	MATCH_EXISTENCE	git_cmd=INSERT live_cmd=INSERT
customers.customers_select_own_store	git:20260726000002_v1_2_devolutions_customers_quotations_kardex_fiscal.sql	LIVE_PRESENT	MATCH_EXISTENCE	git_cmd=SELECT live_cmd=SELECT
customers.customers_update_own_store	git:20260726000002_v1_2_devolutions_customers_quotations_kardex_fiscal.sql	LIVE_PRESENT	MATCH_EXISTENCE	git_cmd=UPDATE live_cmd=UPDATE
devolution_items.devolution_items_insert	git:20260726000002_v1_2_devolutions_customers_quotations_kardex_fiscal.sql	LIVE_PRESENT	MATCH_EXISTENCE	git_cmd=INSERT live_cmd=INSERT
devolution_items.devolution_items_select	git:20260726000002_v1_2_devolutions_customers_quotations_kardex_fiscal.sql	LIVE_PRESENT	MATCH_EXISTENCE	git_cmd=SELECT live_cmd=SELECT
devolutions.devolutions_insert_own_store	git:20260726000002_v1_2_devolutions_customers_quotations_kardex_fiscal.sql	LIVE_PRESENT	MATCH_EXISTENCE	git_cmd=INSERT live_cmd=INSERT
devolutions.devolutions_select_own_store	git:20260726000002_v1_2_devolutions_customers_quotations_kardex_fiscal.sql	LIVE_PRESENT	MATCH_EXISTENCE	git_cmd=SELECT live_cmd=SELECT
devolutions.devolutions_tenant_insert_with_check	git:20260827000005_audit_f3p001_rls_write_isolation.sql	LIVE_PRESENT	MATCH_EXISTENCE	git_cmd=INSERT live_cmd=INSERT
devolutions.devolutions_update_own_store	git:20260726000002_v1_2_devolutions_customers_quotations_kardex_fiscal.sql	LIVE_PRESENT	MATCH_EXISTENCE	git_cmd=UPDATE live_cmd=UPDATE
document_sequences.document_sequences_select_admin	git:20260810000001_v2_19_1_document_sequences.sql	LIVE_PRESENT	MATCH_EXISTENCE	git_cmd=SELECT live_cmd=SELECT
exchange_rates.exchange_rates_insert	git:20260624000001_inteligencia_cambiaria.sql	LIVE_PRESENT	MATCH_EXISTENCE	git_cmd=INSERT live_cmd=INSERT
exchange_rates.exchange_rates_read	git:20260624000001_inteligencia_cambiaria.sql	LIVE_PRESENT	MATCH_EXISTENCE	git_cmd=SELECT live_cmd=SELECT
exchange_rates.exchange_rates_update	git:20260624000001_inteligencia_cambiaria.sql	LIVE_PRESENT	MATCH_EXISTENCE	git_cmd=UPDATE live_cmd=UPDATE
fiscal_closings.fiscal_closings_insert	git:20260726000002_v1_2_devolutions_customers_quotations_kardex_fiscal.sql	LIVE_PRESENT	MATCH_EXISTENCE	git_cmd=INSERT live_cmd=INSERT
fiscal_closings.fiscal_closings_select	git:20260726000002_v1_2_devolutions_customers_quotations_kardex_fiscal.sql	LIVE_PRESENT	MATCH_EXISTENCE	git_cmd=SELECT live_cmd=SELECT
fiscal_closings.fiscal_closings_update	git:20260726000002_v1_2_devolutions_customers_quotations_kardex_fiscal.sql	LIVE_PRESENT	MATCH_EXISTENCE	git_cmd=UPDATE live_cmd=UPDATE
idempotency_registry.idem_reg_service_role_all	git:20260810000012_v2_26_hotfix3_idempotency_registry.sql	LIVE_PRESENT	MATCH_EXISTENCE	git_cmd=ALL live_cmd=ALL
inventory.inventory_deny_delete	NOT_IN_GIT	LIVE_PRESENT	ORPHAN_LIVE	DELETE
inventory.inventory_deny_insert	NOT_IN_GIT	LIVE_PRESENT	ORPHAN_LIVE	INSERT
inventory.inventory_deny_update	NOT_IN_GIT	LIVE_PRESENT	ORPHAN_LIVE	UPDATE
inventory.inventory_insert_auth	NOT_IN_GIT	LIVE_PRESENT	ORPHAN_LIVE	INSERT
inventory.inventory_tenant_select	git:20260807000005_v2_21_0_rls_tenant_policies.sql	LIVE_PRESENT	MATCH_EXISTENCE	git_cmd=SELECT live_cmd=SELECT
inventory_adjustment_items.Allow related access for items	git:20240801_create_inventory_adjustments.sql	LIVE_PRESENT	MATCH_EXISTENCE	git_cmd=ALL live_cmd=ALL
inventory_adjustments.Allow all access to own store data	git:20260619000006_rls_policies_versioned.sql	LIVE_PRESENT	MATCH_EXISTENCE	git_cmd=ALL live_cmd=ALL
inventory_adjustments.inventory_adjustments_delete_rls	git:20260619000006_rls_policies_versioned.sql	LIVE_PRESENT	MATCH_EXISTENCE	git_cmd=DELETE live_cmd=DELETE
inventory_adjustments.inventory_adjustments_insert_rls	git:20260619000006_rls_policies_versioned.sql	LIVE_PRESENT	MATCH_EXISTENCE	git_cmd=INSERT live_cmd=INSERT
inventory_adjustments.inventory_adjustments_select_rls	git:20260619000006_rls_policies_versioned.sql	LIVE_PRESENT	MATCH_EXISTENCE	git_cmd=SELECT live_cmd=SELECT
inventory_adjustments.inventory_adjustments_tenant_insert_with_check	git:20260827000005_audit_f3p001_rls_write_isolation.sql	LIVE_PRESENT	MATCH_EXISTENCE	git_cmd=INSERT live_cmd=INSERT
inventory_adjustments.inventory_adjustments_update_rls	git:20260619000006_rls_policies_versioned.sql	LIVE_PRESENT	MATCH_EXISTENCE	git_cmd=UPDATE live_cmd=UPDATE
inventory_batches.Inventory batches access	NOT_IN_GIT	LIVE_PRESENT	ORPHAN_LIVE	SELECT
inventory_movements.inventory_movements_selective_read	git:20260326_multi_tenant_hardening.sql	LIVE_PRESENT	MATCH_EXISTENCE	git_cmd=SELECT live_cmd=SELECT
inventory_reservations.inv_res_access	git:20260802000002_v2_12_42_transfer_remediation.sql	LIVE_PRESENT	MATCH_EXISTENCE	git_cmd=ALL live_cmd=ALL
inventory_snapshots.Inventory snapshots access	NOT_IN_GIT	LIVE_PRESENT	ORPHAN_LIVE	SELECT
issue_slip_items.issue_slip_items_store_isolation	git:20260817000001_vale_salida.sql	LIVE_PRESENT	MATCH_EXISTENCE	git_cmd=ALL live_cmd=ALL
issue_slips.issue_slips_store_isolation	git:20260817000001_vale_salida.sql	LIVE_PRESENT	MATCH_EXISTENCE	git_cmd=ALL live_cmd=ALL
kardex_entries.kardex_entries_tenant_insert_with_check	git:20260827000005_audit_f3p001_rls_write_isolation.sql	LIVE_PRESENT	MATCH_EXISTENCE	git_cmd=INSERT live_cmd=INSERT
kardex_entries.kardex_insert_own_store	git:20260726000002_v1_2_devolutions_customers_quotations_kardex_fiscal.sql	LIVE_PRESENT	MATCH_EXISTENCE	git_cmd=INSERT live_cmd=INSERT
kardex_entries.kardex_select_own_store	git:20260726000002_v1_2_devolutions_customers_quotations_kardex_fiscal.sql	LIVE_PRESENT	MATCH_EXISTENCE	git_cmd=SELECT live_cmd=SELECT
learning_cards.learning_cards_delete	NOT_IN_GIT	LIVE_PRESENT	ORPHAN_LIVE	DELETE
learning_cards.learning_cards_insert	NOT_IN_GIT	LIVE_PRESENT	ORPHAN_LIVE	INSERT
learning_cards.learning_cards_select_authenticated	NOT_IN_GIT	LIVE_PRESENT	ORPHAN_LIVE	SELECT
learning_cards.learning_cards_update	NOT_IN_GIT	LIVE_PRESENT	ORPHAN_LIVE	UPDATE
legal_models.Allow read access to all authenticated users for models	NOT_IN_GIT	LIVE_PRESENT	ORPHAN_LIVE	SELECT
legal_resolutions.Allow read access to all authenticated users for resolutions	NOT_IN_GIT	LIVE_PRESENT	ORPHAN_LIVE	SELECT
ofertas.Admin/manager can delete ofertas	NOT_IN_GIT	LIVE_PRESENT	ORPHAN_LIVE	DELETE
ofertas.Admin/manager/encargado can insert ofertas	NOT_IN_GIT	LIVE_PRESENT	ORPHAN_LIVE	INSERT
ofertas.Admin/manager/encargado can update ofertas	NOT_IN_GIT	LIVE_PRESENT	ORPHAN_LIVE	UPDATE
ofertas.ofertas_select_rls	git:20260619000006_rls_policies_versioned.sql	LIVE_PRESENT	MATCH_EXISTENCE	git_cmd=SELECT live_cmd=SELECT
ofertas.Users can view ofertas from their stores	git:20260619000006_rls_policies_versioned.sql	LIVE_PRESENT	MATCH_EXISTENCE	git_cmd=SELECT live_cmd=SELECT
orphaned_users_log.orphaned_users_log_insert_admin	git:20260805000003_v2_14_3_orphaned_users_log.sql	LIVE_PRESENT	MATCH_EXISTENCE	git_cmd=INSERT live_cmd=INSERT
orphaned_users_log.orphaned_users_log_select_admin	git:20260805000003_v2_14_3_orphaned_users_log.sql	LIVE_PRESENT	MATCH_EXISTENCE	git_cmd=SELECT live_cmd=SELECT
orphaned_users_log.orphaned_users_log_update_admin	git:20260805000003_v2_14_3_orphaned_users_log.sql	LIVE_PRESENT	MATCH_EXISTENCE	git_cmd=UPDATE live_cmd=UPDATE
payment_transactions.payment_transactions_delete_own_store	git:20260713000001_payment_transactions_rls.sql	LIVE_PRESENT	MATCH_EXISTENCE	git_cmd=DELETE live_cmd=DELETE
payment_transactions.payment_transactions_insert_own_store	git:20260713000001_payment_transactions_rls.sql	LIVE_PRESENT	MATCH_EXISTENCE	git_cmd=INSERT live_cmd=INSERT
payment_transactions.payment_transactions_select_own_store	git:20260713000001_payment_transactions_rls.sql	LIVE_PRESENT	MATCH_EXISTENCE	git_cmd=SELECT live_cmd=SELECT
payment_transactions.payment_transactions_tenant_insert_with_check	git:20260827000005_audit_f3p001_rls_write_isolation.sql	LIVE_PRESENT	MATCH_EXISTENCE	git_cmd=INSERT live_cmd=INSERT
payment_transactions.payment_transactions_update_own_store	git:20260713000001_payment_transactions_rls.sql	LIVE_PRESENT	MATCH_EXISTENCE	git_cmd=UPDATE live_cmd=UPDATE
physical_count_items.physical_count_items_via_count	git:20260726000020_v2_9_h6_physical_count.sql	LIVE_PRESENT	MATCH_EXISTENCE	git_cmd=ALL live_cmd=ALL
physical_counts.physical_counts_store_isolation	git:20260726000020_v2_9_h6_physical_count.sql	LIVE_PRESENT	MATCH_EXISTENCE	git_cmd=ALL live_cmd=ALL
pick3_history.pick3_history_admin_manage	git:20260326_multi_tenant_hardening.sql	LIVE_PRESENT	MATCH_EXISTENCE	git_cmd=ALL live_cmd=ALL
pick3_history.pick3_history_select_authenticated	NOT_IN_GIT	LIVE_PRESENT	ORPHAN_LIVE	SELECT
pick3_ledger.Users can insert their own ledger entries	NOT_IN_GIT	LIVE_PRESENT	ORPHAN_LIVE	INSERT
pick3_ledger.Users can view their own ledger	NOT_IN_GIT	LIVE_PRESENT	ORPHAN_LIVE	SELECT
pick3_profiles.Users can insert their own pick3 profile	NOT_IN_GIT	LIVE_PRESENT	ORPHAN_LIVE	INSERT
pick3_profiles.Users can update their own pick3 profile	NOT_IN_GIT	LIVE_PRESENT	ORPHAN_LIVE	UPDATE
pick3_profiles.Users can view their own pick3 profile	NOT_IN_GIT	LIVE_PRESENT	ORPHAN_LIVE	SELECT
pick3_referrals.Users can create own referrals	git:20260705000001_pick3_referrals.sql	LIVE_PRESENT	MATCH_EXISTENCE	git_cmd=INSERT live_cmd=INSERT
pick3_referrals.Users can update own referrals	git:20260705000001_pick3_referrals.sql	LIVE_PRESENT	MATCH_EXISTENCE	git_cmd=UPDATE live_cmd=UPDATE
pick3_referrals.Users can view own referrals	git:20260705000001_pick3_referrals.sql	LIVE_PRESENT	MATCH_EXISTENCE	git_cmd=SELECT live_cmd=SELECT
pick3_simulations.Allow users to manage their own simulations	NOT_IN_GIT	LIVE_PRESENT	ORPHAN_LIVE	ALL
pick3_subscriptions.Users can insert own subscription	git:20260705000000_pick3_subscriptions.sql	LIVE_PRESENT	MATCH_EXISTENCE	git_cmd=INSERT live_cmd=INSERT
pick3_subscriptions.Users can update own subscription	git:20260705000000_pick3_subscriptions.sql	LIVE_PRESENT	MATCH_EXISTENCE	git_cmd=UPDATE live_cmd=UPDATE
pick3_subscriptions.Users can view own subscription	git:20260705000000_pick3_subscriptions.sql	LIVE_PRESENT	MATCH_EXISTENCE	git_cmd=SELECT live_cmd=SELECT
pick3_usage.Users can insert own usage	git:20260705000000_pick3_subscriptions.sql	LIVE_PRESENT	MATCH_EXISTENCE	git_cmd=INSERT live_cmd=INSERT
pick3_usage.Users can update own usage	git:20260705000000_pick3_subscriptions.sql	LIVE_PRESENT	MATCH_EXISTENCE	git_cmd=UPDATE live_cmd=UPDATE
pick3_usage.Users can view own usage	git:20260705000000_pick3_subscriptions.sql	LIVE_PRESENT	MATCH_EXISTENCE	git_cmd=SELECT live_cmd=SELECT
pick3_user_plays.Users can manage their own pick3 plays	git:20260326_multi_tenant_hardening.sql	LIVE_PRESENT	MATCH_EXISTENCE	git_cmd=ALL live_cmd=ALL
pr2_backup_receipt_items_20260810.pr2_backup_receipt_items_admin_read	git:20260810000050_pr4_5_security_fixes.sql	LIVE_PRESENT	MATCH_EXISTENCE	git_cmd=SELECT live_cmd=SELECT
pr2_backup_receipts_20260810.pr2_backup_receipts_admin_read	git:20260810000050_pr4_5_security_fixes.sql	LIVE_PRESENT	MATCH_EXISTENCE	git_cmd=SELECT live_cmd=SELECT
price_change_history.price_change_history_tenant_insert_with_check	git:20260827000005_audit_f3p001_rls_write_isolation.sql	LIVE_PRESENT	MATCH_EXISTENCE	git_cmd=INSERT live_cmd=INSERT
price_change_history.price_change_history_tenant_select	git:20260807000005_v2_21_0_rls_tenant_policies.sql	LIVE_PRESENT	MATCH_EXISTENCE	git_cmd=SELECT live_cmd=SELECT
price_commit_log.price_commit_log_insert_admin	git:20260629000001_costeo_dinamico_infraestructura.sql	LIVE_PRESENT	MATCH_EXISTENCE	git_cmd=INSERT live_cmd=INSERT
price_commit_log.price_commit_log_select_authenticated	git:20260629000001_costeo_dinamico_infraestructura.sql	LIVE_PRESENT	MATCH_EXISTENCE	git_cmd=SELECT live_cmd=SELECT
price_commit_log.price_commit_log_update_admin	git:20260629000001_costeo_dinamico_infraestructura.sql	LIVE_PRESENT	MATCH_EXISTENCE	git_cmd=UPDATE live_cmd=UPDATE
product_cost_sheets.pcs_insert_auth	NOT_IN_GIT	LIVE_PRESENT	ORPHAN_LIVE	INSERT
product_cost_sheets.product_cost_sheets_delete_admin	git:20260619000006_rls_policies_versioned.sql	LIVE_PRESENT	MATCH_EXISTENCE	git_cmd=DELETE live_cmd=DELETE
product_cost_sheets.product_cost_sheets_insert_roles	git:20260619000006_rls_policies_versioned.sql	LIVE_PRESENT	MATCH_EXISTENCE	git_cmd=INSERT live_cmd=INSERT
product_cost_sheets.product_cost_sheets_select_authenticated	git:20260619000006_rls_policies_versioned.sql	LIVE_PRESENT	MATCH_EXISTENCE	git_cmd=SELECT live_cmd=SELECT
product_cost_sheets.product_cost_sheets_select_rls	git:20260619000006_rls_policies_versioned.sql	LIVE_PRESENT	MATCH_EXISTENCE	git_cmd=SELECT live_cmd=SELECT
product_cost_sheets.product_cost_sheets_update_roles	git:20260619000006_rls_policies_versioned.sql	LIVE_PRESENT	MATCH_EXISTENCE	git_cmd=UPDATE live_cmd=UPDATE
product_lots.lots_delete	git:20260726000003_v2_0_lots_warehouses_abc_reconciliation.sql	LIVE_PRESENT	MATCH_EXISTENCE	git_cmd=DELETE live_cmd=DELETE
product_lots.lots_insert	git:20260726000003_v2_0_lots_warehouses_abc_reconciliation.sql	LIVE_PRESENT	MATCH_EXISTENCE	git_cmd=INSERT live_cmd=INSERT
product_lots.lots_select	git:20260726000003_v2_0_lots_warehouses_abc_reconciliation.sql	LIVE_PRESENT	MATCH_EXISTENCE	git_cmd=SELECT live_cmd=SELECT
product_lots.lots_update	git:20260726000003_v2_0_lots_warehouses_abc_reconciliation.sql	LIVE_PRESENT	MATCH_EXISTENCE	git_cmd=UPDATE live_cmd=UPDATE
product_variants.Variantes públicas - lectura	NOT_IN_GIT	LIVE_PRESENT	ORPHAN_LIVE	SELECT
product_variants.Variants delete - member access	NOT_IN_GIT	LIVE_PRESENT	ORPHAN_LIVE	DELETE
product_variants.Variants insert - member access	NOT_IN_GIT	LIVE_PRESENT	ORPHAN_LIVE	INSERT
product_variants.Variants store isolation	NOT_IN_GIT	LIVE_PRESENT	ORPHAN_LIVE	SELECT
product_variants.Variants update - member access	NOT_IN_GIT	LIVE_PRESENT	ORPHAN_LIVE	UPDATE
production_order_items.poi_delete_has_store_access	git:20260802000001_v2_12_41_fase0_remediacion.sql	LIVE_PRESENT	MATCH_EXISTENCE	git_cmd=DELETE live_cmd=DELETE
production_order_items.poi_insert_has_store_access	git:20260802000001_v2_12_41_fase0_remediacion.sql	LIVE_PRESENT	MATCH_EXISTENCE	git_cmd=INSERT live_cmd=INSERT
production_order_items.poi_select_has_store_access	git:20260802000001_v2_12_41_fase0_remediacion.sql	LIVE_PRESENT	MATCH_EXISTENCE	git_cmd=SELECT live_cmd=SELECT
production_order_items.poi_update_has_store_access	git:20260802000001_v2_12_41_fase0_remediacion.sql	LIVE_PRESENT	MATCH_EXISTENCE	git_cmd=UPDATE live_cmd=UPDATE
production_orders.po_delete_has_store_access	git:20260802000001_v2_12_41_fase0_remediacion.sql	LIVE_PRESENT	MATCH_EXISTENCE	git_cmd=DELETE live_cmd=DELETE
production_orders.po_insert_has_store_access	git:20260802000001_v2_12_41_fase0_remediacion.sql	LIVE_PRESENT	MATCH_EXISTENCE	git_cmd=INSERT live_cmd=INSERT
production_orders.po_update_has_store_access	git:20260802000001_v2_12_41_fase0_remediacion.sql	LIVE_PRESENT	MATCH_EXISTENCE	git_cmd=UPDATE live_cmd=UPDATE
production_orders.production_orders_tenant_select	git:20260807000005_v2_21_0_rls_tenant_policies.sql	LIVE_PRESENT	MATCH_EXISTENCE	git_cmd=SELECT live_cmd=SELECT
products.products_delete_rls	git:20260619000006_rls_policies_versioned.sql	LIVE_PRESENT	MATCH_EXISTENCE	git_cmd=DELETE live_cmd=DELETE
products.products_public_read_anon	git:20260726000032_v2_12_critical_fixes.sql	LIVE_PRESENT	MATCH_EXISTENCE	git_cmd=SELECT live_cmd=SELECT
products.products_select_rls	git:20260619000006_rls_policies_versioned.sql	LIVE_PRESENT	MATCH_EXISTENCE	git_cmd=SELECT live_cmd=SELECT
products.products_tenant_delete	git:20260807000005_v2_21_0_rls_tenant_policies.sql	LIVE_PRESENT	MATCH_EXISTENCE	git_cmd=DELETE live_cmd=DELETE
products.products_tenant_insert	git:20260827000005_audit_f3p001_rls_write_isolation.sql	LIVE_PRESENT	MATCH_EXISTENCE	git_cmd=INSERT live_cmd=INSERT
products.products_tenant_select	git:20260807000005_v2_21_0_rls_tenant_policies.sql	LIVE_PRESENT	MATCH_EXISTENCE	git_cmd=SELECT live_cmd=SELECT
products.products_tenant_update	git:20260827000005_audit_f3p001_rls_write_isolation.sql	LIVE_PRESENT	MATCH_EXISTENCE	git_cmd=UPDATE live_cmd=UPDATE
products.products_update_rls	git:20260619000006_rls_policies_versioned.sql	LIVE_PRESENT	MATCH_EXISTENCE	git_cmd=UPDATE live_cmd=UPDATE
profiles.profiles_delete_admin	git:20260305_fix_profiles_rls_final.sql	LIVE_PRESENT	MATCH_EXISTENCE	git_cmd=DELETE live_cmd=DELETE
profiles.profiles_insert_admin	git:20260305_fix_profiles_rls_final.sql	LIVE_PRESENT	MATCH_EXISTENCE	git_cmd=INSERT live_cmd=INSERT
profiles.profiles_tenant_select	git:20260807000005_v2_21_0_rls_tenant_policies.sql	LIVE_PRESENT	MATCH_EXISTENCE	git_cmd=SELECT live_cmd=SELECT
profiles.profiles_tenant_update	git:20260807000005_v2_21_0_rls_tenant_policies.sql	LIVE_PRESENT	MATCH_EXISTENCE	git_cmd=UPDATE live_cmd=UPDATE
purchase_items.Purchase items access	NOT_IN_GIT	LIVE_PRESENT	ORPHAN_LIVE	SELECT
purchase_order_items.po_items_insert_authenticated	NOT_IN_GIT	LIVE_PRESENT	ORPHAN_LIVE	INSERT
purchase_order_items.po_items_select_authenticated	NOT_IN_GIT	LIVE_PRESENT	ORPHAN_LIVE	SELECT
purchase_order_items.poi_ins	NOT_IN_GIT	LIVE_PRESENT	ORPHAN_LIVE	INSERT
purchase_order_items.poi_sel	NOT_IN_GIT	LIVE_PRESENT	ORPHAN_LIVE	SELECT
purchase_order_items.purchase_order_items_delete_deny	git:20260808000005_v2_24_g5_immutable_items.sql	LIVE_PRESENT	MATCH_EXISTENCE	git_cmd=DELETE live_cmd=DELETE
purchase_order_items.purchase_order_items_update_deny	git:20260808000005_v2_24_g5_immutable_items.sql	LIVE_PRESENT	MATCH_EXISTENCE	git_cmd=UPDATE live_cmd=UPDATE
purchase_orders.po_ins	git:20260619000006_rls_policies_versioned.sql	LIVE_PRESENT	MATCH_EXISTENCE	git_cmd=INSERT live_cmd=INSERT
purchase_orders.po_insert_authenticated	git:20260619000006_rls_policies_versioned.sql	LIVE_PRESENT	MATCH_EXISTENCE	git_cmd=INSERT live_cmd=INSERT
purchase_orders.po_sel	git:20260619000006_rls_policies_versioned.sql	LIVE_PRESENT	MATCH_EXISTENCE	git_cmd=SELECT live_cmd=SELECT
purchase_orders.po_select_authenticated	git:20260619000006_rls_policies_versioned.sql	LIVE_PRESENT	MATCH_EXISTENCE	git_cmd=SELECT live_cmd=SELECT
purchase_orders.po_upd	git:20260619000006_rls_policies_versioned.sql	LIVE_PRESENT	MATCH_EXISTENCE	git_cmd=UPDATE live_cmd=UPDATE
purchase_orders.po_update_authenticated	git:20260619000006_rls_policies_versioned.sql	LIVE_PRESENT	MATCH_EXISTENCE	git_cmd=UPDATE live_cmd=UPDATE
purchase_orders.purchase_orders_select_rls	git:20260619000006_rls_policies_versioned.sql	LIVE_PRESENT	MATCH_EXISTENCE	git_cmd=SELECT live_cmd=SELECT
purchase_orders.Purchases unified	git:20260619000006_rls_policies_versioned.sql	LIVE_PRESENT	MATCH_EXISTENCE	git_cmd=ALL live_cmd=ALL
quotation_items.quotation_items_insert	git:20260726000002_v1_2_devolutions_customers_quotations_kardex_fiscal.sql	LIVE_PRESENT	MATCH_EXISTENCE	git_cmd=INSERT live_cmd=INSERT
quotation_items.quotation_items_select	git:20260726000002_v1_2_devolutions_customers_quotations_kardex_fiscal.sql	LIVE_PRESENT	MATCH_EXISTENCE	git_cmd=SELECT live_cmd=SELECT
quotations.quotations_delete_own_store	git:20260726000002_v1_2_devolutions_customers_quotations_kardex_fiscal.sql	LIVE_PRESENT	MATCH_EXISTENCE	git_cmd=DELETE live_cmd=DELETE
quotations.quotations_insert_own_store	git:20260726000002_v1_2_devolutions_customers_quotations_kardex_fiscal.sql	LIVE_PRESENT	MATCH_EXISTENCE	git_cmd=INSERT live_cmd=INSERT
quotations.quotations_select_own_store	git:20260726000002_v1_2_devolutions_customers_quotations_kardex_fiscal.sql	LIVE_PRESENT	MATCH_EXISTENCE	git_cmd=SELECT live_cmd=SELECT
quotations.quotations_update_own_store	git:20260726000002_v1_2_devolutions_customers_quotations_kardex_fiscal.sql	LIVE_PRESENT	MATCH_EXISTENCE	git_cmd=UPDATE live_cmd=UPDATE
receipt_items.receipt_items_delete_denied	git:20260807000014_v2_23_0_receipts_hardening.sql	LIVE_PRESENT	MATCH_EXISTENCE	git_cmd=DELETE live_cmd=DELETE
receipt_items.receipt_items_insert_isolated	NOT_IN_GIT	LIVE_PRESENT	ORPHAN_LIVE	INSERT
receipt_items.receipt_items_select_isolated	NOT_IN_GIT	LIVE_PRESENT	ORPHAN_LIVE	SELECT
receipt_items.receipt_items_update_denied	git:20260807000014_v2_23_0_receipts_hardening.sql	LIVE_PRESENT	MATCH_EXISTENCE	git_cmd=UPDATE live_cmd=UPDATE
receipt_tasa_audit.receipt_tasa_audit_insert_admin	git:20260629000001_costeo_dinamico_infraestructura.sql	LIVE_PRESENT	MATCH_EXISTENCE	git_cmd=INSERT live_cmd=INSERT
receipt_tasa_audit.receipt_tasa_audit_select_authenticated	git:20260629000001_costeo_dinamico_infraestructura.sql	LIVE_PRESENT	MATCH_EXISTENCE	git_cmd=SELECT live_cmd=SELECT
receipts.receipts_delete_rls	git:20260619000006_rls_policies_versioned.sql	LIVE_PRESENT	MATCH_EXISTENCE	git_cmd=DELETE live_cmd=DELETE
receipts.receipts_insert_rls	git:20260619000006_rls_policies_versioned.sql	LIVE_PRESENT	MATCH_EXISTENCE	git_cmd=INSERT live_cmd=INSERT
receipts.receipts_select_rls	git:20260619000006_rls_policies_versioned.sql	LIVE_PRESENT	MATCH_EXISTENCE	git_cmd=SELECT live_cmd=SELECT
receipts.receipts_tenant_select	git:20260807000005_v2_21_0_rls_tenant_policies.sql	LIVE_PRESENT	MATCH_EXISTENCE	git_cmd=SELECT live_cmd=SELECT
receipts.receipts_tenant_update	git:20260807000005_v2_21_0_rls_tenant_policies.sql	LIVE_PRESENT	MATCH_EXISTENCE	git_cmd=UPDATE live_cmd=UPDATE
receipts.receipts_update_rls	git:20260619000006_rls_policies_versioned.sql	LIVE_PRESENT	MATCH_EXISTENCE	git_cmd=UPDATE live_cmd=UPDATE
received_services.received_services_delete_auth	git:20260712000006_fix_e2e_100_percent.sql	LIVE_PRESENT	MATCH_EXISTENCE	git_cmd=DELETE live_cmd=DELETE
received_services.received_services_insert_auth	git:20260712000006_fix_e2e_100_percent.sql	LIVE_PRESENT	MATCH_EXISTENCE	git_cmd=INSERT live_cmd=INSERT
received_services.received_services_select_authenticated	git:20260809000012_v2_25_1_hotfix_trigger_select_policy.sql	LIVE_PRESENT	MATCH_EXISTENCE	git_cmd=SELECT live_cmd=SELECT
received_services.received_services_update_auth	git:20260712000006_fix_e2e_100_percent.sql	LIVE_PRESENT	MATCH_EXISTENCE	git_cmd=UPDATE live_cmd=UPDATE
report_definitions.Reports unified	NOT_IN_GIT	LIVE_PRESENT	ORPHAN_LIVE	ALL
report_runs.Users can insert their own report runs	NOT_IN_GIT	LIVE_PRESENT	ORPHAN_LIVE	INSERT
report_runs.Users can view their own report runs	NOT_IN_GIT	LIVE_PRESENT	ORPHAN_LIVE	SELECT
restore_sessions.restore_sessions_store_access	git:20260802000006_v2_12_45_backup_registry.sql	LIVE_PRESENT	MATCH_EXISTENCE	git_cmd=ALL live_cmd=ALL
roles.Roles manage	NOT_IN_GIT	LIVE_PRESENT	ORPHAN_LIVE	ALL
roles.Roles select	NOT_IN_GIT	LIVE_PRESENT	ORPHAN_LIVE	SELECT
rss_feeds.RSS manage	NOT_IN_GIT	LIVE_PRESENT	ORPHAN_LIVE	ALL
rss_feeds.RSS select	NOT_IN_GIT	LIVE_PRESENT	ORPHAN_LIVE	SELECT
rss_settings.RSS settings manage	NOT_IN_GIT	LIVE_PRESENT	ORPHAN_LIVE	ALL
rss_settings.RSS settings select	NOT_IN_GIT	LIVE_PRESENT	ORPHAN_LIVE	SELECT
sale_items.sale_items_selective_read	git:20260326_multi_tenant_hardening.sql	LIVE_PRESENT	MATCH_EXISTENCE	git_cmd=SELECT live_cmd=SELECT
sales.sales_selective_read	git:20260326_multi_tenant_hardening.sql	LIVE_PRESENT	MATCH_EXISTENCE	git_cmd=SELECT live_cmd=SELECT
sales_transactions.sales_transactions_delete	git:20260626000003_workers_rls_admin_bypass.sql	LIVE_PRESENT	MATCH_EXISTENCE	git_cmd=DELETE live_cmd=DELETE
sales_transactions.sales_transactions_insert	git:20260626000003_workers_rls_admin_bypass.sql	LIVE_PRESENT	MATCH_EXISTENCE	git_cmd=INSERT live_cmd=INSERT
sales_transactions.sales_transactions_select	git:20260626000003_workers_rls_admin_bypass.sql	LIVE_PRESENT	MATCH_EXISTENCE	git_cmd=SELECT live_cmd=SELECT
sales_transactions.sales_transactions_service_role_all	git:20260626000002_workers_commissions.sql	LIVE_PRESENT	MATCH_EXISTENCE	git_cmd=ALL live_cmd=ALL
sales_transactions.sales_transactions_tenant_select	git:20260807000005_v2_21_0_rls_tenant_policies.sql	LIVE_PRESENT	MATCH_EXISTENCE	git_cmd=SELECT live_cmd=SELECT
sales_transactions.sales_transactions_update	git:20260626000003_workers_rls_admin_bypass.sql	LIVE_PRESENT	MATCH_EXISTENCE	git_cmd=UPDATE live_cmd=UPDATE
saved_analytics_views.Users can delete own analytics views	git:20260701000001_create_saved_analytics_views.sql	LIVE_PRESENT	MATCH_EXISTENCE	git_cmd=DELETE live_cmd=DELETE
saved_analytics_views.Users can insert own analytics views	git:20260701000001_create_saved_analytics_views.sql	LIVE_PRESENT	MATCH_EXISTENCE	git_cmd=INSERT live_cmd=INSERT
saved_analytics_views.Users can update own analytics views	git:20260701000001_create_saved_analytics_views.sql	LIVE_PRESENT	MATCH_EXISTENCE	git_cmd=UPDATE live_cmd=UPDATE
saved_analytics_views.Users can view own analytics views	git:20260701000001_create_saved_analytics_views.sql	LIVE_PRESENT	MATCH_EXISTENCE	git_cmd=SELECT live_cmd=SELECT
service_audit_log.sal_delete_deny	git:20260809000002_v2_25_g2_rls_deny.sql	LIVE_PRESENT	MATCH_EXISTENCE	git_cmd=DELETE live_cmd=DELETE
service_audit_log.sal_select_authenticated	git:20260809000002_v2_25_g2_rls_deny.sql	LIVE_PRESENT	MATCH_EXISTENCE	git_cmd=SELECT live_cmd=SELECT
service_audit_log.sal_update_deny	git:20260809000002_v2_25_g2_rls_deny.sql	LIVE_PRESENT	MATCH_EXISTENCE	git_cmd=UPDATE live_cmd=UPDATE
service_cost_distributions.scd_delete_deny	git:20260809000002_v2_25_g2_rls_deny.sql	LIVE_PRESENT	MATCH_EXISTENCE	git_cmd=DELETE live_cmd=DELETE
service_cost_distributions.scd_insert_authenticated	git:20260809000002_v2_25_g2_rls_deny.sql	LIVE_PRESENT	MATCH_EXISTENCE	git_cmd=INSERT live_cmd=INSERT
service_cost_distributions.scd_select_authenticated	git:20260809000002_v2_25_g2_rls_deny.sql	LIVE_PRESENT	MATCH_EXISTENCE	git_cmd=SELECT live_cmd=SELECT
service_cost_distributions.scd_update_deny	git:20260809000002_v2_25_g2_rls_deny.sql	LIVE_PRESENT	MATCH_EXISTENCE	git_cmd=UPDATE live_cmd=UPDATE
service_reception_links.srl_delete_deny	git:20260809000002_v2_25_g2_rls_deny.sql	LIVE_PRESENT	MATCH_EXISTENCE	git_cmd=DELETE live_cmd=DELETE
service_reception_links.srl_insert_authenticated	git:20260809000002_v2_25_g2_rls_deny.sql	LIVE_PRESENT	MATCH_EXISTENCE	git_cmd=INSERT live_cmd=INSERT
service_reception_links.srl_select_authenticated	git:20260809000002_v2_25_g2_rls_deny.sql	LIVE_PRESENT	MATCH_EXISTENCE	git_cmd=SELECT live_cmd=SELECT
service_reception_links.srl_update_deny	git:20260809000002_v2_25_g2_rls_deny.sql	LIVE_PRESENT	MATCH_EXISTENCE	git_cmd=UPDATE live_cmd=UPDATE
service_types.service_types_read	git:20260625000001_servicios_recibidos.sql	LIVE_PRESENT	MATCH_EXISTENCE	git_cmd=SELECT live_cmd=SELECT
service_types.service_types_write	git:20260625000001_servicios_recibidos.sql	LIVE_PRESENT	MATCH_EXISTENCE	git_cmd=ALL live_cmd=ALL
stock_movements.stock_movements_delete_rls	git:20260803000005_v2_13_5_stock_movements_immutable.sql	LIVE_PRESENT	MATCH_EXISTENCE	git_cmd=DELETE live_cmd=DELETE
stock_movements.stock_movements_insert_rls	git:20260803000005_v2_13_5_stock_movements_immutable.sql	LIVE_PRESENT	MATCH_EXISTENCE	git_cmd=INSERT live_cmd=INSERT
stock_movements.stock_movements_tenant_delete	git:20260807000005_v2_21_0_rls_tenant_policies.sql	LIVE_PRESENT	MATCH_EXISTENCE	git_cmd=DELETE live_cmd=DELETE
stock_movements.stock_movements_tenant_select	git:20260807000005_v2_21_0_rls_tenant_policies.sql	LIVE_PRESENT	MATCH_EXISTENCE	git_cmd=SELECT live_cmd=SELECT
stock_movements.stock_movements_update_rls	git:20260803000005_v2_13_5_stock_movements_immutable.sql	LIVE_PRESENT	MATCH_EXISTENCE	git_cmd=UPDATE live_cmd=UPDATE
stock_movements.Warehouse can insert stock movements	git:20260619000006_rls_policies_versioned.sql	LIVE_PRESENT	MATCH_EXISTENCE	git_cmd=INSERT live_cmd=INSERT
store_cost_templates.store_cost_templates_delete_admin	git:20260619000006_rls_policies_versioned.sql	LIVE_PRESENT	MATCH_EXISTENCE	git_cmd=DELETE live_cmd=DELETE
store_cost_templates.store_cost_templates_insert_roles	git:20260619000006_rls_policies_versioned.sql	LIVE_PRESENT	MATCH_EXISTENCE	git_cmd=INSERT live_cmd=INSERT
store_cost_templates.store_cost_templates_select_authenticated	git:20260619000006_rls_policies_versioned.sql	LIVE_PRESENT	MATCH_EXISTENCE	git_cmd=SELECT live_cmd=SELECT
store_cost_templates.store_cost_templates_select_rls	git:20260619000006_rls_policies_versioned.sql	LIVE_PRESENT	MATCH_EXISTENCE	git_cmd=SELECT live_cmd=SELECT
store_cost_templates.store_cost_templates_update_roles	git:20260619000006_rls_policies_versioned.sql	LIVE_PRESENT	MATCH_EXISTENCE	git_cmd=UPDATE live_cmd=UPDATE
store_exchange_rates.Users can manage own store rates	git:20260710000001_store_exchange_rates.sql	LIVE_PRESENT	MATCH_EXISTENCE	git_cmd=ALL live_cmd=ALL
store_exchange_rates.Users can view own store rates	git:20260710000001_store_exchange_rates.sql	LIVE_PRESENT	MATCH_EXISTENCE	git_cmd=SELECT live_cmd=SELECT
store_notifications.notif_insert_own	NOT_IN_GIT	LIVE_PRESENT	ORPHAN_LIVE	INSERT
store_notifications.notif_select_own	NOT_IN_GIT	LIVE_PRESENT	ORPHAN_LIVE	SELECT
store_reset_snapshots.store_reset_snapshots_admin_all	git:20260725000001_fix_reset_store_data_and_snapshots.sql	LIVE_PRESENT	MATCH_EXISTENCE	git_cmd=ALL live_cmd=ALL
stores.stores_delete_admin_only	git:20260614000001_add_stores_rls_policies.sql	LIVE_PRESENT	MATCH_EXISTENCE	git_cmd=DELETE live_cmd=DELETE
stores.stores_insert_admin_manager	git:20260614000001_add_stores_rls_policies.sql	LIVE_PRESENT	MATCH_EXISTENCE	git_cmd=INSERT live_cmd=INSERT
stores.stores_select_anon	git:20260614000001_add_stores_rls_policies.sql	LIVE_PRESENT	MATCH_EXISTENCE	git_cmd=SELECT live_cmd=SELECT
stores.stores_select_authenticated	git:20260614000001_add_stores_rls_policies.sql	LIVE_PRESENT	MATCH_EXISTENCE	git_cmd=SELECT live_cmd=SELECT
stores.stores_tenant_delete	git:20260807000005_v2_21_0_rls_tenant_policies.sql	LIVE_PRESENT	MATCH_EXISTENCE	git_cmd=DELETE live_cmd=DELETE
stores.stores_tenant_select	git:20260807000005_v2_21_0_rls_tenant_policies.sql	LIVE_PRESENT	MATCH_EXISTENCE	git_cmd=SELECT live_cmd=SELECT
stores.stores_tenant_update	git:20260807000005_v2_21_0_rls_tenant_policies.sql	LIVE_PRESENT	MATCH_EXISTENCE	git_cmd=UPDATE live_cmd=UPDATE
stores.stores_update_member_roles	git:20260614000001_add_stores_rls_policies.sql	LIVE_PRESENT	MATCH_EXISTENCE	git_cmd=UPDATE live_cmd=UPDATE
suppliers.suppliers_insert_authenticated	NOT_IN_GIT	LIVE_PRESENT	ORPHAN_LIVE	INSERT
suppliers.suppliers_select_authenticated	NOT_IN_GIT	LIVE_PRESENT	ORPHAN_LIVE	SELECT
suppliers.suppliers_update_authenticated	NOT_IN_GIT	LIVE_PRESENT	ORPHAN_LIVE	UPDATE
sync_log.Users can insert their own sync logs	git:20260217_create_sync_log.sql	LIVE_PRESENT	MATCH_EXISTENCE	git_cmd=INSERT live_cmd=INSERT
sync_log.Users can update their own sync logs	git:20260217_update_sync_log_rls.sql	LIVE_PRESENT	MATCH_EXISTENCE	git_cmd=UPDATE live_cmd=UPDATE
sync_log.Users can view their own sync logs	git:20260217_create_sync_log.sql	LIVE_PRESENT	MATCH_EXISTENCE	git_cmd=SELECT live_cmd=SELECT
system_config.system_config_admin_manage	git:20260326_multi_tenant_hardening.sql	LIVE_PRESENT	MATCH_EXISTENCE	git_cmd=ALL live_cmd=ALL
system_config.system_config_read_authenticated	NOT_IN_GIT	LIVE_PRESENT	ORPHAN_LIVE	SELECT
system_health_logs.Allow authenticated reads	NOT_IN_GIT	LIVE_PRESENT	ORPHAN_LIVE	SELECT
system_metrics.Admins and managers can view system metrics	NOT_IN_GIT	LIVE_PRESENT	ORPHAN_LIVE	SELECT
system_metrics.Only admins can insert system metrics	NOT_IN_GIT	LIVE_PRESENT	ORPHAN_LIVE	INSERT
tax_configurations.Tax unified	NOT_IN_GIT	LIVE_PRESENT	ORPHAN_LIVE	ALL
telegram_configs.telegram_configs_select	git:20260703000001_create_telegram_module.sql	LIVE_PRESENT	MATCH_EXISTENCE	git_cmd=SELECT live_cmd=SELECT
telegram_configs.telegram_configs_write	git:20260703000001_create_telegram_module.sql	LIVE_PRESENT	MATCH_EXISTENCE	git_cmd=ALL live_cmd=ALL
telegram_contacts.telegram_contacts_select	git:20260703000001_create_telegram_module.sql	LIVE_PRESENT	MATCH_EXISTENCE	git_cmd=SELECT live_cmd=SELECT
telegram_contacts.telegram_contacts_write	git:20260703000001_create_telegram_module.sql	LIVE_PRESENT	MATCH_EXISTENCE	git_cmd=ALL live_cmd=ALL
telegram_invitations.telegram_invitations_select	git:20260703000001_create_telegram_module.sql	LIVE_PRESENT	MATCH_EXISTENCE	git_cmd=SELECT live_cmd=SELECT
telegram_invitations.telegram_invitations_write	git:20260703000001_create_telegram_module.sql	LIVE_PRESENT	MATCH_EXISTENCE	git_cmd=ALL live_cmd=ALL
telegram_messages.telegram_messages_select	git:20260703000001_create_telegram_module.sql	LIVE_PRESENT	MATCH_EXISTENCE	git_cmd=SELECT live_cmd=SELECT
telegram_messages.telegram_messages_write	git:20260703000001_create_telegram_module.sql	LIVE_PRESENT	MATCH_EXISTENCE	git_cmd=ALL live_cmd=ALL
telegram_product_posts.Users can manage own store posts	git:20260824000001_telegram_auto_publish.sql	LIVE_PRESENT	MATCH_EXISTENCE	git_cmd=ALL live_cmd=ALL
telegram_product_posts.Users can view own store posts	git:20260824000001_telegram_auto_publish.sql	LIVE_PRESENT	MATCH_EXISTENCE	git_cmd=SELECT live_cmd=SELECT
tenants.tenants_delete_admin_only	git:20260806000001_v2_15_1_tenants_enriched.sql	LIVE_PRESENT	MATCH_EXISTENCE	git_cmd=DELETE live_cmd=DELETE
tenants.tenants_insert_admin_only	git:20260806000001_v2_15_1_tenants_enriched.sql	LIVE_PRESENT	MATCH_EXISTENCE	git_cmd=INSERT live_cmd=INSERT
tenants.tenants_select_own_or_admin	git:20260806000001_v2_15_1_tenants_enriched.sql	LIVE_PRESENT	MATCH_EXISTENCE	git_cmd=SELECT live_cmd=SELECT
tenants.tenants_select_own_or_store_member	git:20260527094858_harden_tenant_isolation_products_stores_tenants.sql	LIVE_PRESENT	MATCH_EXISTENCE	git_cmd=SELECT live_cmd=SELECT
tenants.tenants_update_own_or_admin	git:20260806000001_v2_15_1_tenants_enriched.sql	LIVE_PRESENT	MATCH_EXISTENCE	git_cmd=UPDATE live_cmd=UPDATE
transaction_item_lots.tx_lots_select	git:20260726000003_v2_0_lots_warehouses_abc_reconciliation.sql	LIVE_PRESENT	MATCH_EXISTENCE	git_cmd=SELECT live_cmd=SELECT
transaction_items.Transaction items insert	NOT_IN_GIT	LIVE_PRESENT	ORPHAN_LIVE	INSERT
transaction_items.Transaction items select	NOT_IN_GIT	LIVE_PRESENT	ORPHAN_LIVE	SELECT
transaction_recovery_ledger.f01_snapshot_restorer_access	git:20260902000001_w9_f01_rls_hardening.sql	LIVE_PRESENT	MATCH_EXISTENCE	git_cmd=ALL live_cmd=ALL
transactions.transactions_delete_rls	git:20260619000006_rls_policies_versioned.sql	LIVE_PRESENT	MATCH_EXISTENCE	git_cmd=DELETE live_cmd=DELETE
transactions.transactions_select_rls	git:20260619000006_rls_policies_versioned.sql	LIVE_PRESENT	MATCH_EXISTENCE	git_cmd=SELECT live_cmd=SELECT
transactions.transactions_tenant_delete	git:20260807000005_v2_21_0_rls_tenant_policies.sql	LIVE_PRESENT	MATCH_EXISTENCE	git_cmd=DELETE live_cmd=DELETE
transactions.transactions_tenant_insert_with_check	git:20260827000005_audit_f3p001_rls_write_isolation.sql	LIVE_PRESENT	MATCH_EXISTENCE	git_cmd=INSERT live_cmd=INSERT
transactions.transactions_tenant_select	git:20260807000005_v2_21_0_rls_tenant_policies.sql	LIVE_PRESENT	MATCH_EXISTENCE	git_cmd=SELECT live_cmd=SELECT
transactions.transactions_tenant_update	git:20260807000005_v2_21_0_rls_tenant_policies.sql	LIVE_PRESENT	MATCH_EXISTENCE	git_cmd=UPDATE live_cmd=UPDATE
transactions.transactions_update_rls	git:20260619000006_rls_policies_versioned.sql	LIVE_PRESENT	MATCH_EXISTENCE	git_cmd=UPDATE live_cmd=UPDATE
transfer_approval_rules.transfer_approval_rules_tenant_select	git:20260807000005_v2_21_0_rls_tenant_policies.sql	LIVE_PRESENT	MATCH_EXISTENCE	git_cmd=SELECT live_cmd=SELECT
transfer_items.transfer_items_insert_v2	git:20260802000002_v2_12_42_transfer_remediation.sql	LIVE_PRESENT	MATCH_EXISTENCE	git_cmd=INSERT live_cmd=INSERT
transfer_items.transfer_items_view_v2	git:20260802000002_v2_12_42_transfer_remediation.sql	LIVE_PRESENT	MATCH_EXISTENCE	git_cmd=SELECT live_cmd=SELECT
transfers.transfers_select_rls	git:20260619000006_rls_policies_versioned.sql	LIVE_PRESENT	MATCH_EXISTENCE	git_cmd=SELECT live_cmd=SELECT
transfers.transfers_tenant_select	git:20260807000005_v2_21_0_rls_tenant_policies.sql	LIVE_PRESENT	MATCH_EXISTENCE	git_cmd=SELECT live_cmd=SELECT
usage_aggregates.usage_aggregates_insert_service	git:20260626000001_usage_tracking.sql	LIVE_PRESENT	MATCH_EXISTENCE	git_cmd=INSERT live_cmd=INSERT
usage_aggregates.usage_aggregates_select_admin	git:20260626000001_usage_tracking.sql	LIVE_PRESENT	MATCH_EXISTENCE	git_cmd=SELECT live_cmd=SELECT
usage_aggregates.usage_aggregates_update_service	git:20260626000001_usage_tracking.sql	LIVE_PRESENT	MATCH_EXISTENCE	git_cmd=UPDATE live_cmd=UPDATE
usage_alerts.usage_alerts_insert_service	git:20260626000001_usage_tracking.sql	LIVE_PRESENT	MATCH_EXISTENCE	git_cmd=INSERT live_cmd=INSERT
usage_alerts.usage_alerts_select_admin	git:20260626000001_usage_tracking.sql	LIVE_PRESENT	MATCH_EXISTENCE	git_cmd=SELECT live_cmd=SELECT
usage_alerts.usage_alerts_update_service	git:20260626000001_usage_tracking.sql	LIVE_PRESENT	MATCH_EXISTENCE	git_cmd=UPDATE live_cmd=UPDATE
usage_drift.usage_drift_insert_service	git:20260626000001_usage_tracking.sql	LIVE_PRESENT	MATCH_EXISTENCE	git_cmd=INSERT live_cmd=INSERT
usage_drift.usage_drift_select_admin	git:20260626000001_usage_tracking.sql	LIVE_PRESENT	MATCH_EXISTENCE	git_cmd=SELECT live_cmd=SELECT
usage_thresholds.usage_thresholds_select_admin	git:20260626000001_usage_tracking.sql	LIVE_PRESENT	MATCH_EXISTENCE	git_cmd=SELECT live_cmd=SELECT
usage_thresholds.usage_thresholds_update_admin	git:20260626000001_usage_tracking.sql	LIVE_PRESENT	MATCH_EXISTENCE	git_cmd=UPDATE live_cmd=UPDATE
user_audit_log.Admins and managers can view user audit logs	git:20260305_create_user_audit_log.sql	LIVE_PRESENT	MATCH_EXISTENCE	git_cmd=SELECT live_cmd=SELECT
user_invitations.user_invitations_insert_admin_manager	git:20260805000004_v2_14_4_user_invitations.sql	LIVE_PRESENT	MATCH_EXISTENCE	git_cmd=INSERT live_cmd=INSERT
user_invitations.user_invitations_select_own_managed	git:20260805000004_v2_14_4_user_invitations.sql	LIVE_PRESENT	MATCH_EXISTENCE	git_cmd=SELECT live_cmd=SELECT
user_invitations.user_invitations_update_admin_manager	git:20260805000004_v2_14_4_user_invitations.sql	LIVE_PRESENT	MATCH_EXISTENCE	git_cmd=UPDATE live_cmd=UPDATE
user_preferences.Users can read own preferences	git:20260703000005_user_preferences.sql	LIVE_PRESENT	MATCH_EXISTENCE	git_cmd=SELECT live_cmd=SELECT
user_preferences.Users can write own preferences	git:20260703000005_user_preferences.sql	LIVE_PRESENT	MATCH_EXISTENCE	git_cmd=ALL live_cmd=ALL
user_progress.user_progress_delete	NOT_IN_GIT	LIVE_PRESENT	ORPHAN_LIVE	DELETE
user_progress.user_progress_insert	NOT_IN_GIT	LIVE_PRESENT	ORPHAN_LIVE	INSERT
user_progress.user_progress_select	NOT_IN_GIT	LIVE_PRESENT	ORPHAN_LIVE	SELECT
user_progress.user_progress_update	NOT_IN_GIT	LIVE_PRESENT	ORPHAN_LIVE	UPDATE
user_store_memberships.memberships_delete_admin	git:20260614000001_add_stores_rls_policies.sql	LIVE_PRESENT	MATCH_EXISTENCE	git_cmd=DELETE live_cmd=DELETE
user_store_memberships.memberships_insert_admin_manager	git:20260614000001_add_stores_rls_policies.sql	LIVE_PRESENT	MATCH_EXISTENCE	git_cmd=INSERT live_cmd=INSERT
user_store_memberships.memberships_select_own_and_managed	git:20260614000001_add_stores_rls_policies.sql	LIVE_PRESENT	MATCH_EXISTENCE	git_cmd=SELECT live_cmd=SELECT
user_store_memberships.memberships_update_admin	git:20260614000001_add_stores_rls_policies.sql	LIVE_PRESENT	MATCH_EXISTENCE	git_cmd=UPDATE live_cmd=UPDATE
user_strategy_feedback.Users can insert their own feedback	NOT_IN_GIT	LIVE_PRESENT	ORPHAN_LIVE	INSERT
user_strategy_feedback.Users can only see their own feedback	NOT_IN_GIT	LIVE_PRESENT	ORPHAN_LIVE	SELECT
user_strategy_feedback.Users can update their own feedback	NOT_IN_GIT	LIVE_PRESENT	ORPHAN_LIVE	UPDATE
user_usage.Users can manage their own usage logs	git:20260326_multi_tenant_hardening.sql	LIVE_PRESENT	MATCH_EXISTENCE	git_cmd=ALL live_cmd=ALL
wallet_accounts.Admins can view all wallet accounts	git:20260706000001_wallet_rls_hardening.sql	LIVE_PRESENT	MATCH_EXISTENCE	git_cmd=SELECT live_cmd=SELECT
wallet_accounts.Users can delete own wallet accounts	git:20260706000001_wallet_rls_hardening.sql	LIVE_PRESENT	MATCH_EXISTENCE	git_cmd=DELETE live_cmd=DELETE
wallet_accounts.Users can insert own wallet accounts	git:20260705000002_wallet_transfermovil.sql	LIVE_PRESENT	MATCH_EXISTENCE	git_cmd=INSERT live_cmd=INSERT
wallet_accounts.Users can update own wallet accounts	git:20260706000001_wallet_rls_hardening.sql	LIVE_PRESENT	MATCH_EXISTENCE	git_cmd=UPDATE live_cmd=UPDATE
wallet_accounts.Users can view own wallet accounts	git:20260705000002_wallet_transfermovil.sql	LIVE_PRESENT	MATCH_EXISTENCE	git_cmd=SELECT live_cmd=SELECT
wallet_transactions.Admins can view all wallet transactions	git:20260706000001_wallet_rls_hardening.sql	LIVE_PRESENT	MATCH_EXISTENCE	git_cmd=SELECT live_cmd=SELECT
wallet_transactions.Users can delete own wallet transactions	git:20260706000001_wallet_rls_hardening.sql	LIVE_PRESENT	MATCH_EXISTENCE	git_cmd=DELETE live_cmd=DELETE
wallet_transactions.Users can insert own wallet transactions	git:20260705000002_wallet_transfermovil.sql	LIVE_PRESENT	MATCH_EXISTENCE	git_cmd=INSERT live_cmd=INSERT
wallet_transactions.Users can update own wallet transactions	git:20260706000001_wallet_rls_hardening.sql	LIVE_PRESENT	MATCH_EXISTENCE	git_cmd=UPDATE live_cmd=UPDATE
wallet_transactions.Users can view own wallet transactions	git:20260705000002_wallet_transfermovil.sql	LIVE_PRESENT	MATCH_EXISTENCE	git_cmd=SELECT live_cmd=SELECT
warehouse_stock.whs_delete	git:20260726000003_v2_0_lots_warehouses_abc_reconciliation.sql	LIVE_PRESENT	MATCH_EXISTENCE	git_cmd=DELETE live_cmd=DELETE
warehouse_stock.whs_insert	git:20260726000003_v2_0_lots_warehouses_abc_reconciliation.sql	LIVE_PRESENT	MATCH_EXISTENCE	git_cmd=INSERT live_cmd=INSERT
warehouse_stock.whs_select	git:20260726000003_v2_0_lots_warehouses_abc_reconciliation.sql	LIVE_PRESENT	MATCH_EXISTENCE	git_cmd=SELECT live_cmd=SELECT
warehouse_stock.whs_update	git:20260726000003_v2_0_lots_warehouses_abc_reconciliation.sql	LIVE_PRESENT	MATCH_EXISTENCE	git_cmd=UPDATE live_cmd=UPDATE
warehouses.wh_delete	git:20260726000003_v2_0_lots_warehouses_abc_reconciliation.sql	LIVE_PRESENT	MATCH_EXISTENCE	git_cmd=DELETE live_cmd=DELETE
warehouses.wh_insert	git:20260726000003_v2_0_lots_warehouses_abc_reconciliation.sql	LIVE_PRESENT	MATCH_EXISTENCE	git_cmd=INSERT live_cmd=INSERT
warehouses.wh_select	git:20260726000003_v2_0_lots_warehouses_abc_reconciliation.sql	LIVE_PRESENT	MATCH_EXISTENCE	git_cmd=SELECT live_cmd=SELECT
warehouses.wh_update	git:20260726000003_v2_0_lots_warehouses_abc_reconciliation.sql	LIVE_PRESENT	MATCH_EXISTENCE	git_cmd=UPDATE live_cmd=UPDATE
whatsapp_configs.whatsapp_configs_select	git:20260702000001_create_whatsapp_module.sql	LIVE_PRESENT	MATCH_EXISTENCE	git_cmd=SELECT live_cmd=SELECT
whatsapp_configs.whatsapp_configs_write	git:20260702000001_create_whatsapp_module.sql	LIVE_PRESENT	MATCH_EXISTENCE	git_cmd=ALL live_cmd=ALL
whatsapp_contacts.whatsapp_contacts_select	git:20260702000001_create_whatsapp_module.sql	LIVE_PRESENT	MATCH_EXISTENCE	git_cmd=SELECT live_cmd=SELECT
whatsapp_contacts.whatsapp_contacts_write	git:20260702000001_create_whatsapp_module.sql	LIVE_PRESENT	MATCH_EXISTENCE	git_cmd=ALL live_cmd=ALL
whatsapp_invitations.whatsapp_invitations_select	git:20260702000001_create_whatsapp_module.sql	LIVE_PRESENT	MATCH_EXISTENCE	git_cmd=SELECT live_cmd=SELECT
whatsapp_invitations.whatsapp_invitations_write	git:20260702000001_create_whatsapp_module.sql	LIVE_PRESENT	MATCH_EXISTENCE	git_cmd=ALL live_cmd=ALL
whatsapp_messages.whatsapp_messages_select	git:20260702000001_create_whatsapp_module.sql	LIVE_PRESENT	MATCH_EXISTENCE	git_cmd=SELECT live_cmd=SELECT
whatsapp_messages.whatsapp_messages_write	git:20260702000001_create_whatsapp_module.sql	LIVE_PRESENT	MATCH_EXISTENCE	git_cmd=ALL live_cmd=ALL
whatsapp_product_posts.Users can manage own store whatsapp posts	git:20260824000004_whatsapp_auto_publish.sql	LIVE_PRESENT	MATCH_EXISTENCE	git_cmd=ALL live_cmd=ALL
whatsapp_product_posts.Users can view own store whatsapp posts	git:20260824000004_whatsapp_auto_publish.sql	LIVE_PRESENT	MATCH_EXISTENCE	git_cmd=SELECT live_cmd=SELECT
whatsapp_risk_state.whatsapp_risk_state_select	git:20260702000001_create_whatsapp_module.sql	LIVE_PRESENT	MATCH_EXISTENCE	git_cmd=SELECT live_cmd=SELECT
whatsapp_risk_state.whatsapp_risk_state_write	git:20260702000001_create_whatsapp_module.sql	LIVE_PRESENT	MATCH_EXISTENCE	git_cmd=ALL live_cmd=ALL
workers.workers_delete_admin	git:20260626000003_workers_rls_admin_bypass.sql	LIVE_PRESENT	MATCH_EXISTENCE	git_cmd=DELETE live_cmd=DELETE
workers.workers_insert_admin_manager	git:20260626000003_workers_rls_admin_bypass.sql	LIVE_PRESENT	MATCH_EXISTENCE	git_cmd=INSERT live_cmd=INSERT
workers.workers_select_authenticated	git:20260626000003_workers_rls_admin_bypass.sql	LIVE_PRESENT	MATCH_EXISTENCE	git_cmd=SELECT live_cmd=SELECT
workers.workers_service_role_all	git:20260626000002_workers_commissions.sql	LIVE_PRESENT	MATCH_EXISTENCE	git_cmd=ALL live_cmd=ALL
workers.workers_tenant_select	git:20260807000005_v2_21_0_rls_tenant_policies.sql	LIVE_PRESENT	MATCH_EXISTENCE	git_cmd=SELECT live_cmd=SELECT
workers.workers_update_admin_manager	git:20260626000003_workers_rls_admin_bypass.sql	LIVE_PRESENT	MATCH_EXISTENCE	git_cmd=UPDATE live_cmd=UPDATE
z_reports.z_reports_select_own	git:20260810000002_v2_19_2_z_reports.sql	LIVE_PRESENT	MATCH_EXISTENCE	git_cmd=SELECT live_cmd=SELECT
audit_logs.allow admins to read all audit logs	git:20260127_enhance_audit_logs.sql	NO_LIVE	MISSING_LIVE	-
audit_logs.allow managers and encargados to read their store audit logs	git:20260127_enhance_audit_logs.sql	NO_LIVE	MISSING_LIVE	-
audit_logs.deny direct deletes to audit logs	git:20260126_fix_audit_logs_rls_and_schema.sql	NO_LIVE	MISSING_LIVE	-
audit_logs.deny direct inserts to audit logs	git:20260126_fix_audit_logs_rls_and_schema.sql	NO_LIVE	MISSING_LIVE	-
audit_logs.deny direct updates to audit logs	git:20260126_fix_audit_logs_rls_and_schema.sql	NO_LIVE	MISSING_LIVE	-
audit_logs.deny direct writes to audit_logs	git:20260320_fix_audit_v2_hallazgos.sql	NO_LIVE	MISSING_LIVE	-
cash_closures.managers and admins can update closures	git:20260213_cash_closures_hardening.sql	NO_LIVE	MISSING_LIVE	-
cash_closures.users can insert own closures	git:20260213_cash_closures_hardening.sql	NO_LIVE	MISSING_LIVE	-
cash_closures.users can view assigned store closures	git:20260213_cash_closures_hardening.sql	NO_LIVE	MISSING_LIVE	-
fc_automation_config.fc_automation_config_delete_admin	git:20260615000004_create_fc_automation_support_tables.sql	NO_LIVE	MISSING_LIVE	-
fc_automation_config.fc_automation_config_insert_roles	git:20260615000004_create_fc_automation_support_tables.sql	NO_LIVE	MISSING_LIVE	-
fc_automation_config.fc_automation_config_select_authenticated	git:20260615000004_create_fc_automation_support_tables.sql	NO_LIVE	MISSING_LIVE	-
fc_automation_config.fc_automation_config_update_roles	git:20260615000004_create_fc_automation_support_tables.sql	NO_LIVE	MISSING_LIVE	-
fc_generation_log.fc_generation_log_delete_admin	git:20260615000004_create_fc_automation_support_tables.sql	NO_LIVE	MISSING_LIVE	-
fc_generation_log.fc_generation_log_insert_roles	git:20260615000004_create_fc_automation_support_tables.sql	NO_LIVE	MISSING_LIVE	-
fc_generation_log.fc_generation_log_select_authenticated	git:20260615000004_create_fc_automation_support_tables.sql	NO_LIVE	MISSING_LIVE	-
fc_pdf_cache.fc_pdf_cache_delete_admin	git:20260615000004_create_fc_automation_support_tables.sql	NO_LIVE	MISSING_LIVE	-
fc_pdf_cache.fc_pdf_cache_insert_roles	git:20260615000004_create_fc_automation_support_tables.sql	NO_LIVE	MISSING_LIVE	-
fc_pdf_cache.fc_pdf_cache_select_authenticated	git:20260615000004_create_fc_automation_support_tables.sql	NO_LIVE	MISSING_LIVE	-
fc_pdf_cache.fc_pdf_cache_update_roles	git:20260615000004_create_fc_automation_support_tables.sql	NO_LIVE	MISSING_LIVE	-
profiles.admin full access	git:20260302_0007_fix_admin_management.sql	NO_LIVE	MISSING_LIVE	-
receipt_items.receipt_items_access	git:20260216_create_receipt_items.sql	NO_LIVE	MISSING_LIVE	-
receipt_items.receipt_items_insert	git:20260216_create_receipt_items.sql	NO_LIVE	MISSING_LIVE	-
storage.objects.store_banners_delete_admin_manager	git:20260715000003_storage_banner_policies.sql	NO_LIVE	MISSING_LIVE	-
storage.objects.store_banners_insert_admin_manager	git:20260715000003_storage_banner_policies.sql	NO_LIVE	MISSING_LIVE	-
storage.objects.store_banners_select_public	git:20260715000003_storage_banner_policies.sql	NO_LIVE	MISSING_LIVE	-
storage.objects.store_banners_update_admin_manager	git:20260715000003_storage_banner_policies.sql	NO_LIVE	MISSING_LIVE	-
store_reset_snapshots.store_reset_snapshots_delete_admin	git:20260712000001_store_reset_snapshots.sql	NO_LIVE	MISSING_LIVE	-
store_reset_snapshots.store_reset_snapshots_insert_admin	git:20260712000001_store_reset_snapshots.sql	NO_LIVE	MISSING_LIVE	-
store_reset_snapshots.store_reset_snapshots_select_admin	git:20260712000001_store_reset_snapshots.sql	NO_LIVE	MISSING_LIVE	-
store_reset_snapshots.store_reset_snapshots_update_admin	git:20260712000001_store_reset_snapshots.sql	NO_LIVE	MISSING_LIVE	-
stores.stores_delete_admin	git:20260527094858_harden_tenant_isolation_products_stores_tenants.sql	NO_LIVE	MISSING_LIVE	-
stores.stores_insert_admin_or_encargado	git:20260527094858_harden_tenant_isolation_products_stores_tenants.sql	NO_LIVE	MISSING_LIVE	-
stores.stores_select_admin_or_member	git:20260527094858_harden_tenant_isolation_products_stores_tenants.sql	NO_LIVE	MISSING_LIVE	-
stores.stores_update_admin_or_encargado_creator	git:20260527094858_harden_tenant_isolation_products_stores_tenants.sql	NO_LIVE	MISSING_LIVE	-
transfer_items.transfer_items_insert_policy	git:20260211_create_transfers.sql	NO_LIVE	MISSING_LIVE	-
transfers.transfers_insert_policy	git:20260211_create_transfers.sql	NO_LIVE	MISSING_LIVE	-
transfers.transfers_view_policy	git:20260211_create_transfers.sql	NO_LIVE	MISSING_LIVE	-
user_store_access.admins and encargados manage access	git:20260118_multi_store_rls.sql	NO_LIVE	MISSING_LIVE	-
user_store_access.users can view own store access	git:20260118_multi_store_rls.sql	NO_LIVE	MISSING_LIVE	-
user_store_memberships.memberships management	git:20260126_final_rls_fix.sql	NO_LIVE	MISSING_LIVE	-
user_store_memberships.memberships visibility	git:20260302_0007_fix_admin_management.sql	NO_LIVE	MISSING_LIVE	-
