function,argcount,live_representation_corrected_detector,was_flagged_by_old_62_finding,classification,callers_seen,action
adjust_sale_payment,12,EXACT,no,C1,-,NONE (represented; old detector failed)
adjust_total_amount,3,EXACT,YES,C1,-,NONE (represented; old detector failed)
apply_physical_count,3,EXACT,no,C1,-,NONE (represented; old detector failed)
approve_transfer,2,EXACT,no,C1,-,NONE (represented; old detector failed)
audit_backup_restore_protected_change,0,EXACT,YES,C1,-,trg_audit_backup_restore_protected,NONE (represented; old detector failed)
audit_cash_closures_changes,0,EXACT,no,C1,-,NONE (represented; old detector failed)
audit_commission_payments_changes,0,EXACT,no,C1,-,NONE (represented; old detector failed)
audit_fiscal_closings_changes,0,EXACT,no,C1,-,NONE (represented; old detector failed)
audit_payment_transactions_changes,0,EXACT,no,C1,-,NONE (represented; old detector failed)
audit_product_changes,0,EXACT,no,C1,-,NONE (represented; old detector failed)
audit_profile_changes,0,EXACT,no,C1,-,NONE (represented; old detector failed)
audit_role_changes,0,EXACT,no,C1,-,NONE (represented; old detector failed)
audit_store_access_changes,0,EXACT,no,C1,-,NONE (represented; old detector failed)
audit_store_changes,0,EXACT,no,C1,-,NONE (represented; old detector failed)
auto_kardex_on_stock_movement,0,EXACT,no,C1,-,NONE (represented; old detector failed)
auto_match_bank_items,2,EXACT,no,C1,-,NONE (represented; old detector failed)
bulk_assign_memberships,2,EXACT,no,C1,-,NONE (represented; old detector failed)
bulk_soft_delete_stores,5,EXACT,no,C1,-,NONE (represented; old detector failed)
bulk_update_products,1,EXACT,no,C1,-,NONE (represented; old detector failed)
calculate_abc,4,EXACT,no,C1,-,NONE (represented; old detector failed)
cancel_reception,1,EXACT,no,C1,-,NONE (represented; old detector failed)
cancel_transfer,2,EXACT,no,C1,-,NONE (represented; old detector failed)
cancel_transfer,3,EXACT,no,C1,-,NONE (represented; old detector failed)
check_idempotency,4,EXACT,no,C1,-,NONE (represented; old detector failed)
close_cash_shift,5,EXACT,no,C1,-,NONE (represented; old detector failed)
close_fiscal_period,4,EXACT,YES,C1,-,NONE (represented; old detector failed)
close_production_order_v2,11,EXACT,no,C1,-,NONE (represented; old detector failed)
close_service_order_as_sale,7,EXACT,no,C1,-,NONE (represented; old detector failed)
confirm_inventory_adjustment,2,EXACT,no,C1,-,NONE (represented; old detector failed)
confirm_pending_reception,3,EXACT,no,C1,-,NONE (represented; old detector failed)
confirm_transfer,3,EXACT,no,C1,-,NONE (represented; old detector failed)
create_devolution,9,EXACT,YES,C1,-,NONE (represented; old detector failed)
create_devolution,10,EXACT,no,C1,-,NONE (represented; old detector failed)
create_devolution_v2,10,EXACT,no,C1,-,NONE (represented; old detector failed)
create_physical_count,3,EXACT,YES,C1,-,NONE (represented; old detector failed)
create_production_order_v2,16,EXACT,no,C1,-,NONE (represented; old detector failed)
create_purchase_order,8,EXACT,no,C1,-,NONE (represented; old detector failed)
create_quotation,10,EXACT,no,C1,-,NONE (represented; old detector failed)
create_received_service_v2,14,EXACT,no,C1,-,NONE (represented; old detector failed)
create_sale,20,EXACT,no,C1,-,NONE (represented; old detector failed)
create_sale_v2,21,EXACT,no,C1,-,NONE (represented; old detector failed)
create_store_with_membership,17,EXACT,no,C1,-,NONE (represented; old detector failed)
create_transfer,7,EXACT,no,C1,-,NONE (represented; old detector failed)
create_vale_salida,6,EXACT,YES,C1,-,NONE (represented; old detector failed)
detect_orphan_users,0,EXACT,no,C1,-,NONE (represented; old detector failed)
distribute_service_cost_v2,2,EXACT,no,C1,-,NONE (represented; old detector failed)
duplicate_inventory_adjustment,2,EXACT,no,C1,-,NONE (represented; old detector failed)
duplicate_inventory_adjustment_v2,2,EXACT,no,C1,-,NONE (represented; old detector failed)
ensure_fiscal_period,3,EXACT,no,C1,-,NONE (represented; old detector failed)
fn_log_system_health,1,EXACT,YES,C1,-,NONE (represented; old detector failed)
fn_process_receipt,4,EXACT,YES,C1,-,NONE (represented; old detector failed)
fn_process_receipt,3,EXACT,no,C1,-,NONE (represented; old detector failed)
fn_process_sale,3,EXACT,YES,C1,-,NONE (represented; old detector failed)
fn_recalc_wac,6,EXACT,YES,C1,cancel_reception;confirm_pending_reception;fn_process_receipt;perform_inventory_adjustment;register_reception;reverse_devolution;reverse_receipt_v2;void_reception_with_reversal,NONE (represented; old detector failed)
fn_sync_inventory_on_movement,0,EXACT,no,C1,-,NONE (represented; old detector failed)
fn_void_receipt,2,EXACT,YES,C1,-,NONE (represented; old detector failed)
generate_bulk_confirmation_token,3,EXACT,no,C1,-,NONE (represented; old detector failed)
generate_bulk_override_token,3,EXACT,YES,C1,-,NONE (represented; old detector failed)
generate_confirmation_token,1,EXACT,YES,C1,-,NONE (represented; old detector failed)
generate_inventory_snapshot,1,EXACT,YES,C1,-,NONE (represented; old detector failed)
increment_user_usage,3,EXACT,YES,C1,-,NONE (represented; old detector failed)
link_receipts_to_service,3,EXACT,no,C1,-,NONE (represented; old detector failed)
lock_fiscal_period,4,EXACT,no,C1,-,NONE (represented; old detector failed)
log_audit_event,3,EXACT,no,C1,-,NONE (represented; old detector failed)
log_transaction_changes,0,EXACT,YES,C1,-,NONE (represented; old detector failed)
manage_user_memberships,2,EXACT,no,C1,-,NONE (represented; old detector failed)
managed_create_store,2,EXACT,no,C1,-,NONE (represented; old detector failed)
managed_create_user,9,EXACT,no,C1,-,NONE (represented; old detector failed)
managed_create_user_v2,10,EXACT,no,C1,-,NONE (represented; old detector failed)
managed_delete_product,1,EXACT,no,C1,-,NONE (represented; old detector failed)
managed_reset_password,2,EXACT,no,C1,-,NONE (represented; old detector failed)
managed_revoke_membership,2,EXACT,no,C1,-,NONE (represented; old detector failed)
managed_soft_delete_user,3,EXACT,no,C1,-,NONE (represented; old detector failed)
managed_toggle_product_active,2,EXACT,no,C1,-,NONE (represented; old detector failed)
managed_toggle_user_status,3,EXACT,no,C1,-,NONE (represented; old detector failed)
managed_update_membership,4,EXACT,no,C1,-,NONE (represented; old detector failed)
managed_update_tenant_plan,4,EXACT,no,C1,-,NONE (represented; old detector failed)
managed_update_user,9,EXACT,no,C1,-,NONE (represented; old detector failed)
mark_expired_lots,1,EXACT,YES,C1,-,NONE (represented; old detector failed)
next_document_number,3,EXACT,no,C1,-,NONE (represented; old detector failed)
on_auth_user_created,0,EXACT,no,C1,-,NONE (represented; old detector failed)
perform_inventory_adjustment,7,EXACT,no,C1,-,NONE (represented; old detector failed)
process_inventory_adjustment,4,EXACT,YES,C1,-,NONE (represented; old detector failed)
process_pick3_transaction,7,EXACT,YES,C1,on_pick3_profile_initial_bankroll,NONE (represented; old detector failed)
receive_against_po,5,EXACT,no,C1,-,NONE (represented; old detector failed)
receive_production_output,6,EXACT,no,C1,-,NONE (represented; old detector failed)
receive_to_warehouse,9,EXACT,no,C1,-,NONE (represented; old detector failed)
reconcile_orphan_user,4,EXACT,no,C1,-,NONE (represented; old detector failed)
reconcile_stock,3,EXACT,no,C1,-,NONE (represented; old detector failed)
record_counted_quantity,5,EXACT,no,C1,-,NONE (represented; old detector failed)
register_reception,7,EXACT,no,C1,-,NONE (represented; old detector failed)
register_stock_movement,12,EXACT,no,C1,-,NONE (represented; old detector failed)
register_supplier_payment,12,EXACT,YES,C1,-,NONE (represented; old detector failed)
reject_transfer,3,EXACT,no,C1,-,NONE (represented; old detector failed)
release_expired_reservations,0,EXACT,no,C1,-,NONE (represented; old detector failed)
reopen_cash_shift,3,EXACT,no,C1,-,NONE (represented; old detector failed)
reset_store_data,3,EXACT,no,C1,-,NONE (represented; old detector failed)
restore_store_backup,4,EXACT,no,C1,-,NONE (represented; old detector failed)
restore_transaction_snapshot,2,EXACT,YES,C1,-,NONE (represented; old detector failed)
reverse_adjustment,3,EXACT,no,C1,-,NONE (represented; old detector failed)
reverse_commissions_on_sale_void,0,EXACT,no,C1,-,NONE (represented; old detector failed)
reverse_devolution,3,EXACT,no,C1,-,NONE (represented; old detector failed)
reverse_inventory_adjustment_v2,3,EXACT,YES,C1,-,NONE (represented; old detector failed)
reverse_production_order,3,EXACT,no,C1,-,NONE (represented; old detector failed)
reverse_receipt,3,EXACT,no,C1,-,NONE (represented; old detector failed)
reverse_receipt_v2,3,EXACT,no,C1,-,NONE (represented; old detector failed)
reverse_transaction_v2,3,EXACT,no,C1,-,NONE (represented; old detector failed)
reverse_transfer,3,EXACT,no,C1,-,NONE (represented; old detector failed)
reverse_vale_salida,3,EXACT,YES,C1,-,NONE (represented; old detector failed)
save_ai_api_key,3,EXACT,YES,C1,-,NONE (represented; old detector failed)
save_product_cost_sheet,6,EXACT,YES,C1,-,NONE (represented; old detector failed)
set_purchase_order_status,4,EXACT,no,C1,-,NONE (represented; old detector failed)
set_received_service_status,4,EXACT,no,C1,-,NONE (represented; old detector failed)
set_transfer_approval_rule,7,EXACT,no,C1,-,NONE (represented; old detector failed)
snapshot_commission_rule,0,EXACT,no,C1,-,NONE (represented; old detector failed)
soft_delete_store,2,EXACT,no,C1,-,NONE (represented; old detector failed)
sync_inventory_from_products,1,EXACT,YES,C1,-,NONE (represented; old detector failed)
sync_product_has_movements,0,EXACT,YES,C1,-,NONE (represented; old detector failed)
sync_product_stock,0,EXACT,no,C1,-,NONE (represented; old detector failed)
update_receipt_item_tasa,5,EXACT,YES,C1,-,NONE (represented; old detector failed)
update_reception_items,3,EXACT,no,C1,-,NONE (represented; old detector failed)
update_transaction_taxes,4,EXACT,no,C1,-,NONE (represented; old detector failed)
upsert_manual_exchange_rate_with_audit,7,EXACT,no,C1,-,NONE (represented; old detector failed)
upsert_store_cost_template,6,EXACT,no,C1,-,NONE (represented; old detector failed)
upsert_usage_aggregate,7,EXACT,no,C1,-,NONE (represented; old detector failed)
void_closed_production_order,3,EXACT,no,C1,-,NONE (represented; old detector failed)
void_inventory_adjustment,2,EXACT,no,C1,-,NONE (represented; old detector failed)
void_pending_reception,4,EXACT,no,C1,-,NONE (represented; old detector failed)
void_received_service_with_reversal,4,EXACT,no,C1,-,NONE (represented; old detector failed)
void_reception_with_reversal,4,EXACT,no,C1,-,NONE (represented; old detector failed)
void_transaction,4,EXACT,no,C1,-,NONE (represented; old detector failed)
withdraw_production_item_deprecated_6arg,6,EXACT,YES,C1,-,NONE (represented; old detector failed)
withdraw_production_item_deprecated_9arg,9,EXACT,YES,C1,-,NONE (represented; old detector failed)
withdraw_production_item_v3,7,EXACT,YES,C1,create_vale_salida,NONE (represented; old detector failed)
