schema	table	policy	permissive	roles	command	qual	with_check
public	abc_classifications	abc_delete	PERMISSIVE	authenticated	DELETE	has_store_access(store_id)	
public	abc_classifications	abc_insert	PERMISSIVE	authenticated	INSERT		has_store_access(store_id)
public	abc_classifications	abc_select	PERMISSIVE	authenticated	SELECT	has_store_access(store_id)	
public	ai_api_keys	Users can manage their own AI keys	PERMISSIVE	public	ALL	(auth.uid() = user_id)	
public	audit_events	Deny direct writes to audit_events	PERMISSIVE	public	INSERT		false
public	audit_events	Deny modifications to audit_events	PERMISSIVE	public	ALL	true	false
public	audit_events	audit_events_tenant_select	PERMISSIVE	authenticated	SELECT	\nCASE\n    WHEN (current_setting('app.use_tenant_rls'::text, true) = 'true'::text) THEN (tenant_id = current_user_tenant_id())\n    ELSE false\nEND	
public	audit_logs	Audit logs select	PERMISSIVE	authenticated	SELECT	(( SELECT profiles.role\n   FROM profiles\n  WHERE (profiles.id = ( SELECT auth.uid() AS uid))) = 'admin'::user_role)	
public	audit_logs	audit_logs_insert_authenticated	PERMISSIVE	authenticated	INSERT		(user_id = auth.uid())
public	audit_logs	audit_logs_select_own_and_managed	PERMISSIVE	authenticated	SELECT	(is_global_admin() OR ((store_id IS NOT NULL) AND has_store_role(store_id, ARRAY['admin'::text, 'manager'::text, 'encargado'::text])))	
public	backup_table_registry	registry_read_authenticated	PERMISSIVE	authenticated	SELECT	true	
public	backup_table_registry	registry_write_admin_only	PERMISSIVE	authenticated	ALL	(EXISTS ( SELECT 1\n   FROM profiles p\n  WHERE ((p.id = auth.uid()) AND (p.role = 'admin'::user_role))))	(EXISTS ( SELECT 1\n   FROM profiles p\n  WHERE ((p.id = auth.uid()) AND (p.role = 'admin'::user_role))))
public	bank_statement_items	bsi_insert	PERMISSIVE	authenticated	INSERT		(EXISTS ( SELECT 1\n   FROM bank_statements bs\n  WHERE ((bs.id = bank_statement_items.bank_statement_id) AND has_store_access(bs.store_id))))
public	bank_statement_items	bsi_select	PERMISSIVE	authenticated	SELECT	(EXISTS ( SELECT 1\n   FROM bank_statements bs\n  WHERE ((bs.id = bank_statement_items.bank_statement_id) AND has_store_access(bs.store_id))))	
public	bank_statement_items	bsi_update	PERMISSIVE	authenticated	UPDATE	(EXISTS ( SELECT 1\n   FROM bank_statements bs\n  WHERE ((bs.id = bank_statement_items.bank_statement_id) AND has_store_access(bs.store_id))))	
public	bank_statements	bs_delete	PERMISSIVE	authenticated	DELETE	has_store_access(store_id)	
public	bank_statements	bs_insert	PERMISSIVE	authenticated	INSERT		has_store_access(store_id)
public	bank_statements	bs_select	PERMISSIVE	authenticated	SELECT	has_store_access(store_id)	
public	bank_statements	bs_update	PERMISSIVE	authenticated	UPDATE	has_store_access(store_id)	
public	bulk_confirmation_tokens	bulk_tokens_owner_read	PERMISSIVE	authenticated	SELECT	((created_by = auth.uid()) OR (created_by IS NULL))	
public	bulk_ops_log	bulk_ops_log_owner	PERMISSIVE	authenticated	ALL	(user_id = auth.uid())	
public	bulk_ops_log	bulk_ops_log_tenant_select	PERMISSIVE	authenticated	SELECT	\nCASE\n    WHEN (current_setting('app.use_tenant_rls'::text, true) = 'true'::text) THEN (tenant_id = current_user_tenant_id())\n    ELSE is_admin()\nEND	
public	business_events	System can insert events	PERMISSIVE	authenticated	INSERT		false
public	cash_closures	Cash closures unified	PERMISSIVE	authenticated	ALL	has_store_access(store_id)	
public	cash_closures	cash_closures_delete_rls	PERMISSIVE	authenticated	DELETE	(EXISTS ( SELECT 1\n   FROM user_store_memberships m\n  WHERE ((m.user_id = auth.uid()) AND (m.status = 'active'::membership_status) AND (m.store_id = cash_closures.store_id))))	
public	cash_closures	cash_closures_insert_rls	PERMISSIVE	authenticated	INSERT		(EXISTS ( SELECT 1\n   FROM user_store_memberships m\n  WHERE ((m.user_id = auth.uid()) AND (m.status = 'active'::membership_status) AND (m.store_id = cash_closures.store_id))))
public	cash_closures	cash_closures_select_rls	PERMISSIVE	authenticated	SELECT	(EXISTS ( SELECT 1\n   FROM user_store_memberships m\n  WHERE ((m.user_id = auth.uid()) AND (m.status = 'active'::membership_status) AND (m.store_id = cash_closures.store_id))))	
public	cash_closures	cash_closures_tenant_insert_with_check	PERMISSIVE	authenticated	INSERT		(store_id = ANY (current_user_store_ids()))
public	cash_closures	cash_closures_update_rls	PERMISSIVE	authenticated	UPDATE	(EXISTS ( SELECT 1\n   FROM user_store_memberships m\n  WHERE ((m.user_id = auth.uid()) AND (m.status = 'active'::membership_status) AND (m.store_id = cash_closures.store_id))))	
public	cash_movements	Cash movements access	PERMISSIVE	authenticated	SELECT	(EXISTS ( SELECT 1\n   FROM cash_register_sessions s\n  WHERE ((s.id = cash_movements.session_id) AND has_store_access(s.store_id))))	
public	cash_movements	Cash movements insert	PERMISSIVE	authenticated	INSERT		(EXISTS ( SELECT 1\n   FROM cash_register_sessions s\n  WHERE ((s.id = cash_movements.session_id) AND has_store_access(s.store_id))))
public	cash_movements	cash_movements_insert	PERMISSIVE	authenticated	INSERT		(EXISTS ( SELECT 1\n   FROM user_store_memberships m\n  WHERE ((m.user_id = auth.uid()) AND (m.status = 'active'::membership_status) AND (m.store_id = cash_movements.store_id))))
public	cash_movements	cash_movements_select	PERMISSIVE	authenticated	SELECT	(EXISTS ( SELECT 1\n   FROM user_store_memberships m\n  WHERE ((m.user_id = auth.uid()) AND (m.status = 'active'::membership_status) AND (m.store_id = cash_movements.store_id))))	
public	cash_register_sessions	Cash sessions unified	PERMISSIVE	authenticated	ALL	has_store_access(store_id)	
public	cash_sessions	cash_sessions_insert	PERMISSIVE	authenticated	INSERT		(EXISTS ( SELECT 1\n   FROM user_store_memberships m\n  WHERE ((m.user_id = auth.uid()) AND (m.status = 'active'::membership_status) AND (m.store_id = cash_sessions.store_id))))
public	cash_sessions	cash_sessions_select	PERMISSIVE	authenticated	SELECT	(EXISTS ( SELECT 1\n   FROM user_store_memberships m\n  WHERE ((m.user_id = auth.uid()) AND (m.status = 'active'::membership_status) AND (m.store_id = cash_sessions.store_id))))	
public	cash_sessions	cash_sessions_update	PERMISSIVE	authenticated	UPDATE	(EXISTS ( SELECT 1\n   FROM user_store_memberships m\n  WHERE ((m.user_id = auth.uid()) AND (m.status = 'active'::membership_status) AND (m.store_id = cash_sessions.store_id))))	
public	categories	Categories unified	PERMISSIVE	authenticated	ALL	\nCASE\n    WHEN (( SELECT get_my_role() AS get_my_role) = ANY (ARRAY['admin'::text, 'manager'::text, 'warehouse'::text])) THEN true\n    ELSE false\nEND	\nCASE\n    WHEN (( SELECT get_my_role() AS get_my_role) = ANY (ARRAY['admin'::text, 'manager'::text, 'warehouse'::text])) THEN true\n    ELSE false\nEND
public	categories	categories_store_access	PERMISSIVE	authenticated	ALL	((store_id IS NULL) OR has_store_access(store_id))	
public	commission_payments	commission_payments_delete	PERMISSIVE	authenticated	DELETE	(EXISTS ( SELECT 1\n   FROM profiles p\n  WHERE ((p.id = auth.uid()) AND (p.role = 'admin'::user_role))))	
public	commission_payments	commission_payments_insert	PERMISSIVE	authenticated	INSERT		((EXISTS ( SELECT 1\n   FROM profiles p\n  WHERE ((p.id = auth.uid()) AND (p.role = 'admin'::user_role)))) OR (EXISTS ( SELECT 1\n   FROM (user_store_memberships m\n     JOIN profiles p ON ((p.id = m.user_id)))\n  WHERE ((m.user_id = auth.uid()) AND (m.store_id = commission_payments.store_id) AND (m.status = 'active'::membership_status) AND (p.role = ANY (ARRAY['admin'::user_role, 'manager'::user_role]))))))
public	commission_payments	commission_payments_select	PERMISSIVE	authenticated	SELECT	((EXISTS ( SELECT 1\n   FROM profiles p\n  WHERE ((p.id = auth.uid()) AND (p.role = 'admin'::user_role)))) OR (EXISTS ( SELECT 1\n   FROM user_store_memberships m\n  WHERE ((m.user_id = auth.uid()) AND (m.store_id = commission_payments.store_id) AND (m.status = 'active'::membership_status)))))	
public	commission_payments	commission_payments_service_role_all	PERMISSIVE	service_role	ALL	true	true
public	commission_payments	commission_payments_tenant_select	PERMISSIVE	authenticated	SELECT	\nCASE\n    WHEN (current_setting('app.use_tenant_rls'::text, true) = 'true'::text) THEN ((tenant_id = current_user_tenant_id()) AND (is_admin() OR (store_id = ANY (current_user_store_ids()))))\n    ELSE (is_admin() OR (store_id = ANY (current_user_store_ids())))\nEND	
public	commission_payments	commission_payments_update	PERMISSIVE	authenticated	UPDATE	((EXISTS ( SELECT 1\n   FROM profiles p\n  WHERE ((p.id = auth.uid()) AND (p.role = 'admin'::user_role)))) OR (EXISTS ( SELECT 1\n   FROM (user_store_memberships m\n     JOIN profiles p ON ((p.id = m.user_id)))\n  WHERE ((m.user_id = auth.uid()) AND (m.store_id = commission_payments.store_id) AND (m.status = 'active'::membership_status) AND (p.role = ANY (ARRAY['admin'::user_role, 'manager'::user_role]))))))	
public	commission_reception_links	commission_reception_links_delete_admin	PERMISSIVE	authenticated	DELETE	(is_global_admin() OR (EXISTS ( SELECT 1\n   FROM receipts r\n  WHERE ((r.id = commission_reception_links.receipt_id) AND has_store_role(r.store_id, ARRAY['admin'::text, 'manager'::text])))))	
public	commission_reception_links	commission_reception_links_insert_admin	PERMISSIVE	authenticated	INSERT		(is_global_admin() OR (EXISTS ( SELECT 1\n   FROM receipts r\n  WHERE ((r.id = commission_reception_links.receipt_id) AND has_store_role(r.store_id, ARRAY['admin'::text, 'manager'::text])))))
public	commission_reception_links	commission_reception_links_select_authenticated	PERMISSIVE	authenticated	SELECT	(is_global_admin() OR (EXISTS ( SELECT 1\n   FROM receipts r\n  WHERE ((r.id = commission_reception_links.receipt_id) AND is_store_member(r.store_id)))))	
public	commission_rule_products	commission_rule_products_delete	PERMISSIVE	authenticated	DELETE	(EXISTS ( SELECT 1\n   FROM ((commission_rules r\n     JOIN user_store_memberships m ON ((m.store_id = r.store_id)))\n     JOIN profiles p ON ((p.id = m.user_id)))\n  WHERE ((r.id = commission_rule_products.rule_id) AND (m.user_id = auth.uid()) AND (m.status = 'active'::membership_status) AND (p.role = ANY (ARRAY['admin'::user_role, 'manager'::user_role])))))	
public	commission_rule_products	commission_rule_products_insert	PERMISSIVE	authenticated	INSERT		(EXISTS ( SELECT 1\n   FROM ((commission_rules r\n     JOIN user_store_memberships m ON ((m.store_id = r.store_id)))\n     JOIN profiles p ON ((p.id = m.user_id)))\n  WHERE ((r.id = commission_rule_products.rule_id) AND (m.user_id = auth.uid()) AND (m.status = 'active'::membership_status) AND (p.role = ANY (ARRAY['admin'::user_role, 'manager'::user_role])))))
public	commission_rule_products	commission_rule_products_select	PERMISSIVE	authenticated	SELECT	(EXISTS ( SELECT 1\n   FROM (commission_rules r\n     JOIN user_store_memberships m ON ((m.store_id = r.store_id)))\n  WHERE ((r.id = commission_rule_products.rule_id) AND (m.user_id = auth.uid()) AND (m.status = 'active'::membership_status))))	
public	commission_rule_products	commission_rule_products_service_role_all	PERMISSIVE	service_role	ALL	true	true
public	commission_rule_products	commission_rule_products_update	PERMISSIVE	authenticated	UPDATE	(EXISTS ( SELECT 1\n   FROM ((commission_rules r\n     JOIN user_store_memberships m ON ((m.store_id = r.store_id)))\n     JOIN profiles p ON ((p.id = m.user_id)))\n  WHERE ((r.id = commission_rule_products.rule_id) AND (m.user_id = auth.uid()) AND (m.status = 'active'::membership_status) AND (p.role = ANY (ARRAY['admin'::user_role, 'manager'::user_role])))))	(EXISTS ( SELECT 1\n   FROM ((commission_rules r\n     JOIN user_store_memberships m ON ((m.store_id = r.store_id)))\n     JOIN profiles p ON ((p.id = m.user_id)))\n  WHERE ((r.id = commission_rule_products.rule_id) AND (m.user_id = auth.uid()) AND (m.status = 'active'::membership_status) AND (p.role = ANY (ARRAY['admin'::user_role, 'manager'::user_role])))))
public	commission_rule_versions	commission_rule_versions_select	PERMISSIVE	authenticated	SELECT	((EXISTS ( SELECT 1\n   FROM profiles p\n  WHERE ((p.id = auth.uid()) AND (p.role = 'admin'::user_role)))) OR (EXISTS ( SELECT 1\n   FROM (commission_rules r\n     JOIN user_store_memberships m ON ((m.store_id = r.store_id)))\n  WHERE ((r.id = commission_rule_versions.rule_id) AND (m.user_id = auth.uid()) AND (m.status = 'active'::membership_status)))))	
public	commission_rule_versions	commission_rule_versions_service_role_all	PERMISSIVE	service_role	ALL	true	true
public	commission_rules	commission_rules_delete	PERMISSIVE	authenticated	DELETE	(EXISTS ( SELECT 1\n   FROM profiles p\n  WHERE ((p.id = auth.uid()) AND (p.role = 'admin'::user_role))))	
public	commission_rules	commission_rules_insert	PERMISSIVE	authenticated	INSERT		((EXISTS ( SELECT 1\n   FROM profiles p\n  WHERE ((p.id = auth.uid()) AND (p.role = 'admin'::user_role)))) OR (EXISTS ( SELECT 1\n   FROM (user_store_memberships m\n     JOIN profiles p ON ((p.id = m.user_id)))\n  WHERE ((m.user_id = auth.uid()) AND (m.store_id = commission_rules.store_id) AND (m.status = 'active'::membership_status) AND (p.role = ANY (ARRAY['admin'::user_role, 'manager'::user_role]))))))
public	commission_rules	commission_rules_select	PERMISSIVE	authenticated	SELECT	((EXISTS ( SELECT 1\n   FROM profiles p\n  WHERE ((p.id = auth.uid()) AND (p.role = 'admin'::user_role)))) OR (EXISTS ( SELECT 1\n   FROM user_store_memberships m\n  WHERE ((m.user_id = auth.uid()) AND (m.store_id = commission_rules.store_id) AND (m.status = 'active'::membership_status)))))	
public	commission_rules	commission_rules_service_role_all	PERMISSIVE	service_role	ALL	true	true
public	commission_rules	commission_rules_tenant_select	PERMISSIVE	authenticated	SELECT	\nCASE\n    WHEN (current_setting('app.use_tenant_rls'::text, true) = 'true'::text) THEN ((tenant_id = current_user_tenant_id()) AND (is_admin() OR (store_id = ANY (current_user_store_ids()))))\n    ELSE (is_admin() OR (store_id = ANY (current_user_store_ids())))\nEND	
public	commission_rules	commission_rules_update	PERMISSIVE	authenticated	UPDATE	((EXISTS ( SELECT 1\n   FROM profiles p\n  WHERE ((p.id = auth.uid()) AND (p.role = 'admin'::user_role)))) OR (EXISTS ( SELECT 1\n   FROM (user_store_memberships m\n     JOIN profiles p ON ((p.id = m.user_id)))\n  WHERE ((m.user_id = auth.uid()) AND (m.store_id = commission_rules.store_id) AND (m.status = 'active'::membership_status) AND (p.role = ANY (ARRAY['admin'::user_role, 'manager'::user_role]))))))	
public	cost_sheet_templates	Templates delete	PERMISSIVE	authenticated	DELETE	is_admin()	
public	cost_sheet_templates	Templates insert	PERMISSIVE	authenticated	INSERT		is_admin()
public	cost_sheet_templates	Templates update	PERMISSIVE	authenticated	UPDATE	is_admin()	is_admin()
public	cost_sheet_templates	Templates visibility	PERMISSIVE	public	SELECT	((type = 'system'::text) OR is_admin() OR ((type = 'public'::text) AND ((store_id IS NULL) OR has_store_access(store_id))) OR ((type = 'private'::text) AND (created_by = auth.uid())))	
public	cost_sheets	cost_sheets_owner_manage	PERMISSIVE	authenticated	ALL	(auth.uid() = created_by)	(auth.uid() = created_by)
public	cost_sheets	cost_sheets_selective_read	PERMISSIVE	authenticated	SELECT	(is_admin() OR (created_by = auth.uid()) OR (EXISTS ( SELECT 1\n   FROM (profiles p_me\n     JOIN profiles p_creator ON ((p_me.tenant_id = p_creator.tenant_id)))\n  WHERE ((p_me.id = auth.uid()) AND (p_creator.id = cost_sheets.created_by) AND (p_me.tenant_id IS NOT NULL)))))	
public	customers	customers_delete_own_store	PERMISSIVE	authenticated	DELETE	has_store_access(store_id)	
public	customers	customers_insert_own_store	PERMISSIVE	authenticated	INSERT		has_store_access(store_id)
public	customers	customers_select_own_store	PERMISSIVE	authenticated	SELECT	has_store_access(store_id)	
public	customers	customers_update_own_store	PERMISSIVE	authenticated	UPDATE	has_store_access(store_id)	has_store_access(store_id)
public	devolution_items	devolution_items_insert	PERMISSIVE	authenticated	INSERT		(EXISTS ( SELECT 1\n   FROM devolutions d\n  WHERE ((d.id = devolution_items.devolution_id) AND has_store_access(d.store_id))))
public	devolution_items	devolution_items_select	PERMISSIVE	authenticated	SELECT	(EXISTS ( SELECT 1\n   FROM devolutions d\n  WHERE ((d.id = devolution_items.devolution_id) AND has_store_access(d.store_id))))	
public	devolutions	devolutions_insert_own_store	PERMISSIVE	authenticated	INSERT		has_store_access(store_id)
public	devolutions	devolutions_select_own_store	PERMISSIVE	authenticated	SELECT	has_store_access(store_id)	
public	devolutions	devolutions_tenant_insert_with_check	PERMISSIVE	authenticated	INSERT		(store_id = ANY (current_user_store_ids()))
public	devolutions	devolutions_update_own_store	PERMISSIVE	authenticated	UPDATE	has_store_access(store_id)	has_store_access(store_id)
public	document_sequences	document_sequences_select_admin	PERMISSIVE	authenticated	SELECT	(is_admin() OR has_store_access(store_id))	
public	exchange_rates	exchange_rates_insert	PERMISSIVE	service_role	INSERT		true
public	exchange_rates	exchange_rates_read	PERMISSIVE	authenticated	SELECT	true	
public	exchange_rates	exchange_rates_update	PERMISSIVE	service_role	UPDATE	true	
public	fiscal_closings	fiscal_closings_insert	PERMISSIVE	authenticated	INSERT		has_store_access(store_id)
public	fiscal_closings	fiscal_closings_select	PERMISSIVE	authenticated	SELECT	has_store_access(store_id)	
public	fiscal_closings	fiscal_closings_update	PERMISSIVE	authenticated	UPDATE	has_store_access(store_id)	has_store_access(store_id)
public	idempotency_registry	idem_reg_service_role_all	PERMISSIVE	authenticated	ALL	true	true
public	inventory	inventory_deny_delete	PERMISSIVE	authenticated	DELETE	false	
public	inventory	inventory_deny_insert	PERMISSIVE	authenticated	INSERT		false
public	inventory	inventory_deny_update	PERMISSIVE	authenticated	UPDATE	false	
public	inventory	inventory_insert_auth	PERMISSIVE	authenticated	INSERT		((store_id IN ( SELECT profiles.active_store_id\n   FROM profiles\n  WHERE (profiles.id = auth.uid()))) OR (EXISTS ( SELECT 1\n   FROM profiles\n  WHERE ((profiles.id = auth.uid()) AND (profiles.role = 'admin'::user_role)))))
public	inventory	inventory_tenant_select	PERMISSIVE	authenticated	SELECT	\nCASE\n    WHEN (current_setting('app.use_tenant_rls'::text, true) = 'true'::text) THEN ((tenant_id = current_user_tenant_id()) AND (is_admin() OR (store_id = ANY (current_user_store_ids()))))\n    ELSE (is_admin() OR has_store_access(store_id))\nEND	
public	inventory_adjustment_items	Allow related access for items	PERMISSIVE	public	ALL	(adjustment_id IN ( SELECT inventory_adjustments.id\n   FROM inventory_adjustments))	
public	inventory_adjustments	Allow all access to own store data	PERMISSIVE	public	ALL	(store_id IN ( SELECT get_current_user_store_id() AS get_current_user_store_id))	(store_id IN ( SELECT get_current_user_store_id() AS get_current_user_store_id))
public	inventory_adjustments	inventory_adjustments_delete_rls	PERMISSIVE	authenticated	DELETE	(EXISTS ( SELECT 1\n   FROM user_store_memberships m\n  WHERE ((m.user_id = auth.uid()) AND (m.status = 'active'::membership_status) AND (m.store_id = inventory_adjustments.store_id))))	
public	inventory_adjustments	inventory_adjustments_insert_rls	PERMISSIVE	authenticated	INSERT		(EXISTS ( SELECT 1\n   FROM user_store_memberships m\n  WHERE ((m.user_id = auth.uid()) AND (m.status = 'active'::membership_status) AND (m.store_id = inventory_adjustments.store_id))))
public	inventory_adjustments	inventory_adjustments_select_rls	PERMISSIVE	authenticated	SELECT	(EXISTS ( SELECT 1\n   FROM user_store_memberships m\n  WHERE ((m.user_id = auth.uid()) AND (m.status = 'active'::membership_status) AND (m.store_id = inventory_adjustments.store_id))))	
public	inventory_adjustments	inventory_adjustments_tenant_insert_with_check	PERMISSIVE	authenticated	INSERT		(store_id = ANY (current_user_store_ids()))
public	inventory_adjustments	inventory_adjustments_update_rls	PERMISSIVE	authenticated	UPDATE	(EXISTS ( SELECT 1\n   FROM user_store_memberships m\n  WHERE ((m.user_id = auth.uid()) AND (m.status = 'active'::membership_status) AND (m.store_id = inventory_adjustments.store_id))))	
public	inventory_batches	Inventory batches access	PERMISSIVE	authenticated	SELECT	has_store_access(store_id)	
public	inventory_movements	inventory_movements_selective_read	PERMISSIVE	authenticated	SELECT	(is_admin() OR (user_id = auth.uid()) OR (EXISTS ( SELECT 1\n   FROM products p\n  WHERE ((p.id = inventory_movements.product_id) AND has_store_access(p.store_id)))))	
public	inventory_reservations	inv_res_access	PERMISSIVE	authenticated	ALL	has_store_access(store_id)	has_store_access(store_id)
public	inventory_snapshots	Inventory snapshots access	PERMISSIVE	authenticated	SELECT	has_store_access(store_id)	
public	issue_slip_items	issue_slip_items_store_isolation	PERMISSIVE	authenticated	ALL	(slip_id IN ( SELECT issue_slips.id\n   FROM issue_slips\n  WHERE (issue_slips.store_id = ANY (current_user_store_ids()))))	(slip_id IN ( SELECT issue_slips.id\n   FROM issue_slips\n  WHERE (issue_slips.store_id = ANY (current_user_store_ids()))))
public	issue_slips	issue_slips_store_isolation	PERMISSIVE	authenticated	ALL	(store_id = ANY (current_user_store_ids()))	(store_id = ANY (current_user_store_ids()))
public	kardex_entries	kardex_entries_tenant_insert_with_check	PERMISSIVE	authenticated	INSERT		(store_id = ANY (current_user_store_ids()))
public	kardex_entries	kardex_insert_own_store	PERMISSIVE	authenticated	INSERT		has_store_access(store_id)
public	kardex_entries	kardex_select_own_store	PERMISSIVE	authenticated	SELECT	has_store_access(store_id)	
public	learning_cards	learning_cards_delete	PERMISSIVE	authenticated	DELETE	is_admin()	
public	learning_cards	learning_cards_insert	PERMISSIVE	authenticated	INSERT		is_admin()
public	learning_cards	learning_cards_select_authenticated	PERMISSIVE	authenticated	SELECT	true	
public	learning_cards	learning_cards_update	PERMISSIVE	authenticated	UPDATE	is_admin()	
public	legal_models	Allow read access to all authenticated users for models	PERMISSIVE	public	SELECT	(auth.role() = 'authenticated'::text)	
public	legal_resolutions	Allow read access to all authenticated users for resolutions	PERMISSIVE	public	SELECT	(auth.role() = 'authenticated'::text)	
public	ofertas	Admin/manager can delete ofertas	PERMISSIVE	public	DELETE	((EXISTS ( SELECT 1\n   FROM profiles\n  WHERE ((profiles.id = auth.uid()) AND (profiles.role = 'admin'::user_role)))) OR (store_id IN ( SELECT user_store_memberships.store_id\n   FROM user_store_memberships\n  WHERE ((user_store_memberships.user_id = auth.uid()) AND (user_store_memberships.status = 'active'::membership_status) AND (user_store_memberships.role = 'manager'::user_role)))))	
public	ofertas	Admin/manager/encargado can insert ofertas	PERMISSIVE	public	INSERT		((store_id IN ( SELECT user_store_memberships.store_id\n   FROM user_store_memberships\n  WHERE ((user_store_memberships.user_id = auth.uid()) AND (user_store_memberships.status = 'active'::membership_status) AND (user_store_memberships.role = ANY (ARRAY['admin'::user_role, 'manager'::user_role, 'encargado'::user_role]))))) OR (EXISTS ( SELECT 1\n   FROM profiles\n  WHERE ((profiles.id = auth.uid()) AND (profiles.role = 'admin'::user_role)))))
public	ofertas	Admin/manager/encargado can update ofertas	PERMISSIVE	public	UPDATE	((store_id IN ( SELECT user_store_memberships.store_id\n   FROM user_store_memberships\n  WHERE ((user_store_memberships.user_id = auth.uid()) AND (user_store_memberships.status = 'active'::membership_status) AND (user_store_memberships.role = ANY (ARRAY['admin'::user_role, 'manager'::user_role, 'encargado'::user_role]))))) OR (EXISTS ( SELECT 1\n   FROM profiles\n  WHERE ((profiles.id = auth.uid()) AND (profiles.role = 'admin'::user_role)))))	
public	ofertas	Users can view ofertas from their stores	PERMISSIVE	public	SELECT	((store_id IN ( SELECT user_store_memberships.store_id\n   FROM user_store_memberships\n  WHERE ((user_store_memberships.user_id = auth.uid()) AND (user_store_memberships.status = 'active'::membership_status)))) OR (EXISTS ( SELECT 1\n   FROM profiles\n  WHERE ((profiles.id = auth.uid()) AND (profiles.role = 'admin'::user_role)))))	
public	ofertas	ofertas_select_rls	PERMISSIVE	authenticated	SELECT	(EXISTS ( SELECT 1\n   FROM user_store_memberships m\n  WHERE ((m.user_id = auth.uid()) AND (m.status = 'active'::membership_status) AND (m.store_id = ofertas.store_id))))	
public	orphaned_users_log	orphaned_users_log_insert_admin	PERMISSIVE	authenticated	INSERT		is_admin()
public	orphaned_users_log	orphaned_users_log_select_admin	PERMISSIVE	authenticated	SELECT	is_admin()	
public	orphaned_users_log	orphaned_users_log_update_admin	PERMISSIVE	authenticated	UPDATE	is_admin()	is_admin()
public	payment_transactions	payment_transactions_delete_own_store	PERMISSIVE	authenticated	DELETE	has_store_access(store_id)	
public	payment_transactions	payment_transactions_insert_own_store	PERMISSIVE	authenticated	INSERT		has_store_access(store_id)
public	payment_transactions	payment_transactions_select_own_store	PERMISSIVE	authenticated	SELECT	has_store_access(store_id)	
public	payment_transactions	payment_transactions_tenant_insert_with_check	PERMISSIVE	authenticated	INSERT		(store_id = ANY (current_user_store_ids()))
public	payment_transactions	payment_transactions_update_own_store	PERMISSIVE	authenticated	UPDATE	has_store_access(store_id)	has_store_access(store_id)
public	physical_count_items	physical_count_items_via_count	PERMISSIVE	authenticated	ALL	(EXISTS ( SELECT 1\n   FROM physical_counts pc\n  WHERE ((pc.id = physical_count_items.count_id) AND has_store_access(pc.store_id))))	
public	physical_counts	physical_counts_store_isolation	PERMISSIVE	authenticated	ALL	has_store_access(store_id)	
public	pick3_history	pick3_history_admin_manage	PERMISSIVE	authenticated	ALL	is_admin()	is_admin()
public	pick3_history	pick3_history_select_authenticated	PERMISSIVE	authenticated	SELECT	true	
public	pick3_ledger	Users can insert their own ledger entries	PERMISSIVE	public	INSERT		(auth.uid() = user_id)
public	pick3_ledger	Users can view their own ledger	PERMISSIVE	public	SELECT	(auth.uid() = user_id)	
public	pick3_profiles	Users can insert their own pick3 profile	PERMISSIVE	public	INSERT		(auth.uid() = user_id)
public	pick3_profiles	Users can update their own pick3 profile	PERMISSIVE	public	UPDATE	(auth.uid() = user_id)	
public	pick3_profiles	Users can view their own pick3 profile	PERMISSIVE	public	SELECT	(auth.uid() = user_id)	
public	pick3_referrals	Users can create own referrals	PERMISSIVE	public	INSERT		(auth.uid() = referrer_user_id)
public	pick3_referrals	Users can update own referrals	PERMISSIVE	public	UPDATE	((auth.uid() = referrer_user_id) OR (auth.uid() = referred_user_id))	((auth.uid() = referrer_user_id) OR (auth.uid() = referred_user_id))
public	pick3_referrals	Users can view own referrals	PERMISSIVE	public	SELECT	((auth.uid() = referrer_user_id) OR (auth.uid() = referred_user_id))	
public	pick3_simulations	Allow users to manage their own simulations	PERMISSIVE	authenticated	ALL	(auth.uid() = user_id)	(auth.uid() = user_id)
public	pick3_subscriptions	Users can insert own subscription	PERMISSIVE	public	INSERT		(auth.uid() = user_id)
public	pick3_subscriptions	Users can update own subscription	PERMISSIVE	public	UPDATE	(auth.uid() = user_id)	(auth.uid() = user_id)
public	pick3_subscriptions	Users can view own subscription	PERMISSIVE	public	SELECT	(auth.uid() = user_id)	
public	pick3_usage	Users can insert own usage	PERMISSIVE	public	INSERT		(auth.uid() = user_id)
public	pick3_usage	Users can update own usage	PERMISSIVE	public	UPDATE	(auth.uid() = user_id)	(auth.uid() = user_id)
public	pick3_usage	Users can view own usage	PERMISSIVE	public	SELECT	(auth.uid() = user_id)	
public	pick3_user_plays	Users can manage their own pick3 plays	PERMISSIVE	authenticated	ALL	(auth.uid() = user_id)	(auth.uid() = user_id)
public	pr2_backup_receipt_items_20260810	pr2_backup_receipt_items_admin_read	PERMISSIVE	authenticated	SELECT	(EXISTS ( SELECT 1\n   FROM profiles p\n  WHERE ((p.id = auth.uid()) AND (p.role = 'admin'::user_role))))	
public	pr2_backup_receipts_20260810	pr2_backup_receipts_admin_read	PERMISSIVE	authenticated	SELECT	(EXISTS ( SELECT 1\n   FROM profiles p\n  WHERE ((p.id = auth.uid()) AND (p.role = 'admin'::user_role))))	
public	price_change_history	price_change_history_tenant_insert_with_check	PERMISSIVE	authenticated	INSERT		((tenant_id = current_user_tenant_id()) AND (store_id = ANY (current_user_store_ids())))
public	price_change_history	price_change_history_tenant_select	PERMISSIVE	authenticated	SELECT	\nCASE\n    WHEN (current_setting('app.use_tenant_rls'::text, true) = 'true'::text) THEN ((tenant_id = current_user_tenant_id()) AND (is_admin() OR (store_id = ANY (current_user_store_ids()))))\n    ELSE (is_admin() OR (store_id = ANY (current_user_store_ids())))\nEND	
public	price_commit_log	price_commit_log_insert_admin	PERMISSIVE	authenticated	INSERT		(is_global_admin() OR has_store_role(NULL::uuid, ARRAY['admin'::text, 'manager'::text]))
public	price_commit_log	price_commit_log_select_authenticated	PERMISSIVE	authenticated	SELECT	(is_global_admin() OR is_store_member(store_id))	
public	price_commit_log	price_commit_log_update_admin	PERMISSIVE	authenticated	UPDATE	is_global_admin()	
public	product_cost_sheets	pcs_insert_auth	PERMISSIVE	authenticated	INSERT		((store_id IN ( SELECT profiles.active_store_id\n   FROM profiles\n  WHERE (profiles.id = auth.uid()))) OR (EXISTS ( SELECT 1\n   FROM profiles\n  WHERE ((profiles.id = auth.uid()) AND (profiles.role = 'admin'::user_role)))))
public	product_cost_sheets	product_cost_sheets_delete_admin	PERMISSIVE	authenticated	DELETE	is_global_admin()	
public	product_cost_sheets	product_cost_sheets_insert_roles	PERMISSIVE	authenticated	INSERT		(is_global_admin() OR has_store_role(store_id, ARRAY['admin'::text, 'manager'::text, 'encargado'::text, 'costo'::text]))
public	product_cost_sheets	product_cost_sheets_select_authenticated	PERMISSIVE	authenticated	SELECT	(is_global_admin() OR is_store_member(store_id))	
public	product_cost_sheets	product_cost_sheets_select_rls	PERMISSIVE	authenticated	SELECT	(EXISTS ( SELECT 1\n   FROM user_store_memberships m\n  WHERE ((m.user_id = auth.uid()) AND (m.status = 'active'::membership_status) AND (m.store_id = product_cost_sheets.store_id))))	
public	product_cost_sheets	product_cost_sheets_update_roles	PERMISSIVE	authenticated	UPDATE	(is_global_admin() OR has_store_role(store_id, ARRAY['admin'::text, 'manager'::text, 'encargado'::text, 'costo'::text]))	(is_global_admin() OR has_store_role(store_id, ARRAY['admin'::text, 'manager'::text, 'encargado'::text, 'costo'::text]))
public	product_lots	lots_delete	PERMISSIVE	authenticated	DELETE	has_store_access(store_id)	
public	product_lots	lots_insert	PERMISSIVE	authenticated	INSERT		has_store_access(store_id)
public	product_lots	lots_select	PERMISSIVE	authenticated	SELECT	has_store_access(store_id)	
public	product_lots	lots_update	PERMISSIVE	authenticated	UPDATE	has_store_access(store_id)	
public	product_variants	Variantes públicas - lectura	PERMISSIVE	anon|authenticated	SELECT	(EXISTS ( SELECT 1\n   FROM products\n  WHERE ((products.id = product_variants.product_id) AND (products.visible_en_tienda = true))))	
public	product_variants	Variants delete - member access	PERMISSIVE	authenticated	DELETE	(EXISTS ( SELECT 1\n   FROM products p\n  WHERE ((p.id = product_variants.product_id) AND has_store_access(p.store_id))))	
public	product_variants	Variants insert - member access	PERMISSIVE	authenticated	INSERT		(EXISTS ( SELECT 1\n   FROM products p\n  WHERE ((p.id = product_variants.product_id) AND has_store_access(p.store_id))))
public	product_variants	Variants store isolation	PERMISSIVE	authenticated	SELECT	(EXISTS ( SELECT 1\n   FROM products p\n  WHERE ((p.id = product_variants.product_id) AND ((p.store_id IS NULL) OR has_store_access(p.store_id)))))	
public	product_variants	Variants update - member access	PERMISSIVE	authenticated	UPDATE	(EXISTS ( SELECT 1\n   FROM products p\n  WHERE ((p.id = product_variants.product_id) AND has_store_access(p.store_id))))	(EXISTS ( SELECT 1\n   FROM products p\n  WHERE ((p.id = product_variants.product_id) AND has_store_access(p.store_id))))
public	production_order_items	poi_delete_has_store_access	PERMISSIVE	public	DELETE	(EXISTS ( SELECT 1\n   FROM production_orders po\n  WHERE ((po.id = production_order_items.order_id) AND has_store_access(po.store_id))))	
public	production_order_items	poi_insert_has_store_access	PERMISSIVE	public	INSERT		(EXISTS ( SELECT 1\n   FROM production_orders po\n  WHERE ((po.id = production_order_items.order_id) AND has_store_access(po.store_id))))
public	production_order_items	poi_select_has_store_access	PERMISSIVE	public	SELECT	(EXISTS ( SELECT 1\n   FROM production_orders po\n  WHERE ((po.id = production_order_items.order_id) AND has_store_access(po.store_id))))	
public	production_order_items	poi_update_has_store_access	PERMISSIVE	public	UPDATE	(EXISTS ( SELECT 1\n   FROM production_orders po\n  WHERE ((po.id = production_order_items.order_id) AND has_store_access(po.store_id))))	
public	production_orders	po_delete_has_store_access	PERMISSIVE	public	DELETE	has_store_access(store_id)	
public	production_orders	po_insert_has_store_access	PERMISSIVE	public	INSERT		has_store_access(store_id)
public	production_orders	po_update_has_store_access	PERMISSIVE	public	UPDATE	has_store_access(store_id)	
public	production_orders	production_orders_tenant_select	PERMISSIVE	authenticated	SELECT	\nCASE\n    WHEN (current_setting('app.use_tenant_rls'::text, true) = 'true'::text) THEN ((tenant_id = current_user_tenant_id()) AND (is_admin() OR (store_id = ANY (current_user_store_ids()))))\n    ELSE (is_admin() OR (store_id = ANY (current_user_store_ids())))\nEND	
public	products	products_delete_rls	PERMISSIVE	authenticated	DELETE	(EXISTS ( SELECT 1\n   FROM user_store_memberships m\n  WHERE ((m.user_id = auth.uid()) AND (m.status = 'active'::membership_status) AND (m.store_id = products.store_id))))	
public	products	products_public_read_anon	PERMISSIVE	anon	SELECT	((is_active = true) AND (visible_en_tienda = true))	
public	products	products_select_rls	PERMISSIVE	authenticated	SELECT	(EXISTS ( SELECT 1\n   FROM user_store_memberships m\n  WHERE ((m.user_id = auth.uid()) AND (m.status = 'active'::membership_status) AND (m.store_id = products.store_id))))	
public	products	products_tenant_delete	PERMISSIVE	authenticated	DELETE	\nCASE\n    WHEN (current_setting('app.use_tenant_rls'::text, true) = 'true'::text) THEN ((tenant_id = current_user_tenant_id()) AND is_admin())\n    ELSE is_admin()\nEND	
public	products	products_tenant_insert	PERMISSIVE	authenticated	INSERT		((tenant_id = current_user_tenant_id()) AND (store_id = ANY (current_user_store_ids())))
public	products	products_tenant_select	PERMISSIVE	authenticated	SELECT	\nCASE\n    WHEN (current_setting('app.use_tenant_rls'::text, true) = 'true'::text) THEN ((tenant_id = current_user_tenant_id()) AND (is_admin() OR (store_id = ANY (current_user_store_ids()))))\n    ELSE (is_admin() OR has_store_access(store_id))\nEND	
public	products	products_tenant_update	PERMISSIVE	authenticated	UPDATE	((tenant_id = current_user_tenant_id()) AND (is_admin() OR (store_id = ANY (current_user_store_ids()))))	((tenant_id = current_user_tenant_id()) AND (store_id = ANY (current_user_store_ids())))
public	products	products_update_rls	PERMISSIVE	authenticated	UPDATE	(EXISTS ( SELECT 1\n   FROM user_store_memberships m\n  WHERE ((m.user_id = auth.uid()) AND (m.status = 'active'::membership_status) AND (m.store_id = products.store_id))))	
public	profiles	profiles_delete_admin	PERMISSIVE	authenticated	DELETE	is_admin()	
public	profiles	profiles_insert_admin	PERMISSIVE	authenticated	INSERT		is_admin()
public	profiles	profiles_tenant_select	PERMISSIVE	authenticated	SELECT	\nCASE\n    WHEN (current_setting('app.use_tenant_rls'::text, true) = 'true'::text) THEN ((id = auth.uid()) OR is_admin_with_access(active_store_id) OR (is_admin() AND (tenant_id = current_user_tenant_id())))\n    ELSE ((id = auth.uid()) OR is_admin() OR (created_by = auth.uid()) OR is_managed_user(id))\nEND	
public	profiles	profiles_tenant_update	PERMISSIVE	authenticated	UPDATE	\nCASE\n    WHEN (current_setting('app.use_tenant_rls'::text, true) = 'true'::text) THEN ((id = auth.uid()) OR (is_admin() AND (tenant_id = current_user_tenant_id())))\n    ELSE ((id = auth.uid()) OR is_admin())\nEND	\nCASE\n    WHEN (current_setting('app.use_tenant_rls'::text, true) = 'true'::text) THEN ((id = auth.uid()) OR (is_admin() AND (tenant_id = current_user_tenant_id())))\n    ELSE ((id = auth.uid()) OR is_admin())\nEND
public	purchase_items	Purchase items access	PERMISSIVE	authenticated	SELECT	(EXISTS ( SELECT 1\n   FROM purchase_orders o\n  WHERE ((o.id = purchase_items.purchase_order_id) AND has_store_access(o.store_id))))	
public	purchase_order_items	po_items_insert_authenticated	PERMISSIVE	authenticated	INSERT		(po_id IN ( SELECT purchase_orders.id\n   FROM purchase_orders\n  WHERE ((purchase_orders.store_id IN ( SELECT user_store_memberships.store_id\n           FROM user_store_memberships\n          WHERE ((user_store_memberships.user_id = auth.uid()) AND (user_store_memberships.role = ANY (ARRAY['admin'::user_role, 'manager'::user_role, 'encargado'::user_role]))))) OR (EXISTS ( SELECT 1\n           FROM profiles\n          WHERE ((profiles.id = auth.uid()) AND (profiles.role = 'admin'::user_role)))))))
public	purchase_order_items	po_items_select_authenticated	PERMISSIVE	authenticated	SELECT	(po_id IN ( SELECT purchase_orders.id\n   FROM purchase_orders\n  WHERE ((purchase_orders.store_id IN ( SELECT user_store_memberships.store_id\n           FROM user_store_memberships\n          WHERE (user_store_memberships.user_id = auth.uid()))) OR (EXISTS ( SELECT 1\n           FROM profiles\n          WHERE ((profiles.id = auth.uid()) AND (profiles.role = 'admin'::user_role)))))))	
public	purchase_order_items	poi_ins	PERMISSIVE	authenticated	INSERT		(po_id IN ( SELECT purchase_orders.id\n   FROM purchase_orders\n  WHERE ((purchase_orders.store_id IN ( SELECT user_store_memberships.store_id\n           FROM user_store_memberships\n          WHERE (user_store_memberships.user_id = auth.uid()))) OR (EXISTS ( SELECT 1\n           FROM profiles\n          WHERE ((profiles.id = auth.uid()) AND (profiles.role = 'admin'::user_role)))))))
public	purchase_order_items	poi_sel	PERMISSIVE	authenticated	SELECT	(po_id IN ( SELECT purchase_orders.id\n   FROM purchase_orders\n  WHERE ((purchase_orders.store_id IN ( SELECT user_store_memberships.store_id\n           FROM user_store_memberships\n          WHERE (user_store_memberships.user_id = auth.uid()))) OR (EXISTS ( SELECT 1\n           FROM profiles\n          WHERE ((profiles.id = auth.uid()) AND (profiles.role = 'admin'::user_role)))))))	
public	purchase_order_items	purchase_order_items_delete_deny	PERMISSIVE	authenticated	DELETE	false	
public	purchase_order_items	purchase_order_items_update_deny	PERMISSIVE	authenticated	UPDATE	false	false
public	purchase_orders	Purchases unified	PERMISSIVE	authenticated	ALL	has_store_access(store_id)	
public	purchase_orders	po_ins	PERMISSIVE	authenticated	INSERT		((store_id IN ( SELECT user_store_memberships.store_id\n   FROM user_store_memberships\n  WHERE (user_store_memberships.user_id = auth.uid()))) OR (EXISTS ( SELECT 1\n   FROM profiles\n  WHERE ((profiles.id = auth.uid()) AND (profiles.role = 'admin'::user_role)))))
public	purchase_orders	po_insert_authenticated	PERMISSIVE	authenticated	INSERT		((store_id IN ( SELECT user_store_memberships.store_id\n   FROM user_store_memberships\n  WHERE ((user_store_memberships.user_id = auth.uid()) AND (user_store_memberships.role = ANY (ARRAY['admin'::user_role, 'manager'::user_role, 'encargado'::user_role]))))) OR (EXISTS ( SELECT 1\n   FROM profiles\n  WHERE ((profiles.id = auth.uid()) AND (profiles.role = 'admin'::user_role)))))
public	purchase_orders	po_sel	PERMISSIVE	authenticated	SELECT	((store_id IN ( SELECT user_store_memberships.store_id\n   FROM user_store_memberships\n  WHERE (user_store_memberships.user_id = auth.uid()))) OR (EXISTS ( SELECT 1\n   FROM profiles\n  WHERE ((profiles.id = auth.uid()) AND (profiles.role = 'admin'::user_role)))))	
public	purchase_orders	po_select_authenticated	PERMISSIVE	authenticated	SELECT	((store_id IN ( SELECT user_store_memberships.store_id\n   FROM user_store_memberships\n  WHERE (user_store_memberships.user_id = auth.uid()))) OR (EXISTS ( SELECT 1\n   FROM profiles\n  WHERE ((profiles.id = auth.uid()) AND (profiles.role = 'admin'::user_role)))))	
public	purchase_orders	po_upd	PERMISSIVE	authenticated	UPDATE	((store_id IN ( SELECT user_store_memberships.store_id\n   FROM user_store_memberships\n  WHERE (user_store_memberships.user_id = auth.uid()))) OR (EXISTS ( SELECT 1\n   FROM profiles\n  WHERE ((profiles.id = auth.uid()) AND (profiles.role = 'admin'::user_role)))))	
public	purchase_orders	po_update_authenticated	PERMISSIVE	authenticated	UPDATE	((store_id IN ( SELECT user_store_memberships.store_id\n   FROM user_store_memberships\n  WHERE ((user_store_memberships.user_id = auth.uid()) AND (user_store_memberships.role = ANY (ARRAY['admin'::user_role, 'manager'::user_role, 'encargado'::user_role]))))) OR (EXISTS ( SELECT 1\n   FROM profiles\n  WHERE ((profiles.id = auth.uid()) AND (profiles.role = 'admin'::user_role)))))	
public	purchase_orders	purchase_orders_select_rls	PERMISSIVE	authenticated	SELECT	(EXISTS ( SELECT 1\n   FROM user_store_memberships m\n  WHERE ((m.user_id = auth.uid()) AND (m.status = 'active'::membership_status) AND (m.store_id = purchase_orders.store_id))))	
public	quotation_items	quotation_items_insert	PERMISSIVE	authenticated	INSERT		(EXISTS ( SELECT 1\n   FROM quotations q\n  WHERE ((q.id = quotation_items.quotation_id) AND has_store_access(q.store_id))))
public	quotation_items	quotation_items_select	PERMISSIVE	authenticated	SELECT	(EXISTS ( SELECT 1\n   FROM quotations q\n  WHERE ((q.id = quotation_items.quotation_id) AND has_store_access(q.store_id))))	
public	quotations	quotations_delete_own_store	PERMISSIVE	authenticated	DELETE	has_store_access(store_id)	
public	quotations	quotations_insert_own_store	PERMISSIVE	authenticated	INSERT		has_store_access(store_id)
public	quotations	quotations_select_own_store	PERMISSIVE	authenticated	SELECT	has_store_access(store_id)	
public	quotations	quotations_update_own_store	PERMISSIVE	authenticated	UPDATE	has_store_access(store_id)	has_store_access(store_id)
public	receipt_items	receipt_items_delete_denied	PERMISSIVE	authenticated	DELETE	false	
public	receipt_items	receipt_items_insert_isolated	PERMISSIVE	authenticated	INSERT		(EXISTS ( SELECT 1\n   FROM (receipts r\n     JOIN user_store_memberships m ON ((m.store_id = r.store_id)))\n  WHERE ((r.id = receipt_items.receipt_id) AND (m.user_id = auth.uid()) AND (m.status = 'active'::membership_status))))
public	receipt_items	receipt_items_select_isolated	PERMISSIVE	authenticated	SELECT	(is_admin() OR (EXISTS ( SELECT 1\n   FROM receipts r\n  WHERE ((r.id = receipt_items.receipt_id) AND (is_admin() OR has_store_access(r.store_id))))))	
public	receipt_items	receipt_items_update_denied	PERMISSIVE	authenticated	UPDATE	false	false
public	receipt_tasa_audit	receipt_tasa_audit_insert_admin	PERMISSIVE	authenticated	INSERT		(is_global_admin() OR has_store_role(NULL::uuid, ARRAY['admin'::text, 'manager'::text]))
public	receipt_tasa_audit	receipt_tasa_audit_select_authenticated	PERMISSIVE	authenticated	SELECT	(is_global_admin() OR (EXISTS ( SELECT 1\n   FROM (receipt_items ri\n     JOIN receipts r ON ((ri.receipt_id = r.id)))\n  WHERE ((ri.id = receipt_tasa_audit.receipt_item_id) AND is_store_member(r.store_id)))))	
public	receipts	receipts_delete_rls	PERMISSIVE	authenticated	DELETE	(EXISTS ( SELECT 1\n   FROM user_store_memberships m\n  WHERE ((m.user_id = auth.uid()) AND (m.status = 'active'::membership_status) AND (m.store_id = receipts.store_id))))	
public	receipts	receipts_insert_rls	PERMISSIVE	authenticated	INSERT		(EXISTS ( SELECT 1\n   FROM user_store_memberships m\n  WHERE ((m.user_id = auth.uid()) AND (m.status = 'active'::membership_status) AND (m.store_id = receipts.store_id))))
public	receipts	receipts_select_rls	PERMISSIVE	authenticated	SELECT	(EXISTS ( SELECT 1\n   FROM user_store_memberships m\n  WHERE ((m.user_id = auth.uid()) AND (m.status = 'active'::membership_status) AND (m.store_id = receipts.store_id))))	
public	receipts	receipts_tenant_select	PERMISSIVE	authenticated	SELECT	\nCASE\n    WHEN (current_setting('app.use_tenant_rls'::text, true) = 'true'::text) THEN ((tenant_id = current_user_tenant_id()) AND (is_admin() OR (store_id = ANY (current_user_store_ids()))))\n    ELSE (is_admin() OR has_store_access(store_id))\nEND	
public	receipts	receipts_tenant_update	PERMISSIVE	authenticated	UPDATE	\nCASE\n    WHEN (current_setting('app.use_tenant_rls'::text, true) = 'true'::text) THEN ((tenant_id = current_user_tenant_id()) AND (is_admin() OR (store_id = ANY (current_user_store_ids()))))\n    ELSE (is_admin() OR has_store_access(store_id))\nEND	
public	receipts	receipts_update_rls	PERMISSIVE	authenticated	UPDATE	(EXISTS ( SELECT 1\n   FROM user_store_memberships m\n  WHERE ((m.user_id = auth.uid()) AND (m.status = 'active'::membership_status) AND (m.store_id = receipts.store_id))))	
public	received_services	received_services_delete_auth	PERMISSIVE	public	DELETE	(has_store_access(store_id) OR (EXISTS ( SELECT 1\n   FROM profiles\n  WHERE ((profiles.id = auth.uid()) AND (profiles.role = 'admin'::user_role)))))	
public	received_services	received_services_insert_auth	PERMISSIVE	authenticated	INSERT		((store_id IN ( SELECT profiles.active_store_id\n   FROM profiles\n  WHERE (profiles.id = auth.uid()))) OR (EXISTS ( SELECT 1\n   FROM profiles\n  WHERE ((profiles.id = auth.uid()) AND (profiles.role = 'admin'::user_role)))))
public	received_services	received_services_select_authenticated	PERMISSIVE	authenticated	SELECT	(has_store_access(store_id) OR (EXISTS ( SELECT 1\n   FROM profiles\n  WHERE ((profiles.id = auth.uid()) AND (profiles.role = 'admin'::user_role)))))	
public	received_services	received_services_update_auth	PERMISSIVE	public	UPDATE	(has_store_access(store_id) OR (EXISTS ( SELECT 1\n   FROM profiles\n  WHERE ((profiles.id = auth.uid()) AND (profiles.role = 'admin'::user_role)))))	
public	report_definitions	Reports unified	PERMISSIVE	authenticated	ALL	((( SELECT auth.uid() AS uid) = created_by) OR (EXISTS ( SELECT 1\n   FROM user_store_memberships\n  WHERE ((user_store_memberships.user_id = ( SELECT auth.uid() AS uid)) AND (user_store_memberships.store_id = report_definitions.store_id)))))	
public	report_runs	Users can insert their own report runs	PERMISSIVE	public	INSERT		(( SELECT auth.uid() AS uid) = executed_by)
public	report_runs	Users can view their own report runs	PERMISSIVE	public	SELECT	((( SELECT auth.uid() AS uid) = executed_by) OR (EXISTS ( SELECT 1\n   FROM user_store_memberships\n  WHERE ((user_store_memberships.user_id = ( SELECT auth.uid() AS uid)) AND (user_store_memberships.store_id = report_runs.store_id) AND (user_store_memberships.role = ANY (ARRAY['admin'::user_role, 'manager'::user_role, 'encargado'::user_role]))))))	
public	restore_sessions	restore_sessions_store_access	PERMISSIVE	authenticated	ALL	has_store_access(store_id)	has_store_access(store_id)
public	roles	Roles manage	PERMISSIVE	authenticated	ALL	( SELECT is_admin() AS is_admin)	
public	roles	Roles select	PERMISSIVE	authenticated	SELECT	true	
public	rss_feeds	RSS manage	PERMISSIVE	authenticated	ALL	(( SELECT profiles.role\n   FROM profiles\n  WHERE (profiles.id = ( SELECT auth.uid() AS uid))) = ANY (ARRAY['admin'::user_role, 'manager'::user_role, 'encargado'::user_role]))	
public	rss_feeds	RSS select	PERMISSIVE	authenticated	SELECT	true	
public	rss_settings	RSS settings manage	PERMISSIVE	authenticated	ALL	(( SELECT profiles.role\n   FROM profiles\n  WHERE (profiles.id = ( SELECT auth.uid() AS uid))) = ANY (ARRAY['admin'::user_role, 'manager'::user_role, 'encargado'::user_role]))	
public	rss_settings	RSS settings select	PERMISSIVE	authenticated	SELECT	true	
public	sale_items	sale_items_selective_read	PERMISSIVE	authenticated	SELECT	(is_admin() OR (EXISTS ( SELECT 1\n   FROM sales s\n  WHERE ((s.id = sale_items.sale_id) AND ((s.cashier_id = auth.uid()) OR is_admin())))) OR (EXISTS ( SELECT 1\n   FROM products p\n  WHERE ((p.id = sale_items.product_id) AND has_store_access(p.store_id)))))	
public	sales	sales_selective_read	PERMISSIVE	authenticated	SELECT	(is_admin() OR (cashier_id = auth.uid()) OR (EXISTS ( SELECT 1\n   FROM (sale_items si\n     JOIN products p ON ((si.product_id = p.id)))\n  WHERE ((si.sale_id = sales.id) AND has_store_access(p.store_id)))))	
public	sales_transactions	sales_transactions_delete	PERMISSIVE	authenticated	DELETE	(EXISTS ( SELECT 1\n   FROM profiles p\n  WHERE ((p.id = auth.uid()) AND (p.role = 'admin'::user_role))))	
public	sales_transactions	sales_transactions_insert	PERMISSIVE	authenticated	INSERT		((EXISTS ( SELECT 1\n   FROM profiles p\n  WHERE ((p.id = auth.uid()) AND (p.role = 'admin'::user_role)))) OR (EXISTS ( SELECT 1\n   FROM (user_store_memberships m\n     JOIN profiles p ON ((p.id = m.user_id)))\n  WHERE ((m.user_id = auth.uid()) AND (m.store_id = sales_transactions.store_id) AND (m.status = 'active'::membership_status) AND (p.role = ANY (ARRAY['admin'::user_role, 'manager'::user_role]))))))
public	sales_transactions	sales_transactions_select	PERMISSIVE	authenticated	SELECT	((EXISTS ( SELECT 1\n   FROM profiles p\n  WHERE ((p.id = auth.uid()) AND (p.role = 'admin'::user_role)))) OR (EXISTS ( SELECT 1\n   FROM user_store_memberships m\n  WHERE ((m.user_id = auth.uid()) AND (m.store_id = sales_transactions.store_id) AND (m.status = 'active'::membership_status)))))	
public	sales_transactions	sales_transactions_service_role_all	PERMISSIVE	service_role	ALL	true	true
public	sales_transactions	sales_transactions_tenant_select	PERMISSIVE	authenticated	SELECT	\nCASE\n    WHEN (current_setting('app.use_tenant_rls'::text, true) = 'true'::text) THEN ((tenant_id = current_user_tenant_id()) AND (is_admin() OR (store_id = ANY (current_user_store_ids()))))\n    ELSE (is_admin() OR (store_id = ANY (current_user_store_ids())))\nEND	
public	sales_transactions	sales_transactions_update	PERMISSIVE	authenticated	UPDATE	((EXISTS ( SELECT 1\n   FROM profiles p\n  WHERE ((p.id = auth.uid()) AND (p.role = 'admin'::user_role)))) OR (EXISTS ( SELECT 1\n   FROM (user_store_memberships m\n     JOIN profiles p ON ((p.id = m.user_id)))\n  WHERE ((m.user_id = auth.uid()) AND (m.store_id = sales_transactions.store_id) AND (m.status = 'active'::membership_status) AND (p.role = ANY (ARRAY['admin'::user_role, 'manager'::user_role]))))))	
public	saved_analytics_views	Users can delete own analytics views	PERMISSIVE	public	DELETE	(auth.uid() = user_id)	
public	saved_analytics_views	Users can insert own analytics views	PERMISSIVE	public	INSERT		(auth.uid() = user_id)
public	saved_analytics_views	Users can update own analytics views	PERMISSIVE	public	UPDATE	(auth.uid() = user_id)	
public	saved_analytics_views	Users can view own analytics views	PERMISSIVE	public	SELECT	((auth.uid() = user_id) OR (store_id IN ( SELECT m.store_id\n   FROM user_store_memberships m\n  WHERE ((m.user_id = auth.uid()) AND (m.status = 'active'::membership_status)))))	
public	service_audit_log	sal_delete_deny	PERMISSIVE	authenticated	DELETE	false	
public	service_audit_log	sal_select_authenticated	PERMISSIVE	authenticated	SELECT	(EXISTS ( SELECT 1\n   FROM received_services rs\n  WHERE ((rs.id = service_audit_log.service_id) AND has_store_access(rs.store_id))))	
public	service_audit_log	sal_update_deny	PERMISSIVE	authenticated	UPDATE	false	false
public	service_cost_distributions	scd_delete_deny	PERMISSIVE	authenticated	DELETE	false	
public	service_cost_distributions	scd_insert_authenticated	PERMISSIVE	authenticated	INSERT		(EXISTS ( SELECT 1\n   FROM received_services rs\n  WHERE ((rs.id = service_cost_distributions.service_id) AND has_store_access(rs.store_id))))
public	service_cost_distributions	scd_select_authenticated	PERMISSIVE	authenticated	SELECT	(EXISTS ( SELECT 1\n   FROM received_services rs\n  WHERE ((rs.id = service_cost_distributions.service_id) AND has_store_access(rs.store_id))))	
public	service_cost_distributions	scd_update_deny	PERMISSIVE	authenticated	UPDATE	false	false
public	service_reception_links	srl_delete_deny	PERMISSIVE	authenticated	DELETE	false	
public	service_reception_links	srl_insert_authenticated	PERMISSIVE	authenticated	INSERT		(EXISTS ( SELECT 1\n   FROM received_services rs\n  WHERE ((rs.id = service_reception_links.service_id) AND has_store_access(rs.store_id))))
public	service_reception_links	srl_select_authenticated	PERMISSIVE	authenticated	SELECT	(EXISTS ( SELECT 1\n   FROM received_services rs\n  WHERE ((rs.id = service_reception_links.service_id) AND has_store_access(rs.store_id))))	
public	service_reception_links	srl_update_deny	PERMISSIVE	authenticated	UPDATE	false	false
public	service_types	service_types_read	PERMISSIVE	authenticated	SELECT	true	
public	service_types	service_types_write	PERMISSIVE	service_role	ALL	true	true
public	stock_movements	Warehouse can insert stock movements	PERMISSIVE	authenticated	INSERT		(has_any_role(ARRAY['admin'::user_role, 'warehouse'::user_role]) AND (store_id = current_user_store_id()))
public	stock_movements	stock_movements_delete_rls	PERMISSIVE	authenticated	DELETE	false	
public	stock_movements	stock_movements_insert_rls	PERMISSIVE	authenticated	INSERT		false
public	stock_movements	stock_movements_tenant_delete	PERMISSIVE	authenticated	DELETE	\nCASE\n    WHEN (current_setting('app.use_tenant_rls'::text, true) = 'true'::text) THEN ((tenant_id = current_user_tenant_id()) AND is_admin())\n    ELSE false\nEND	
public	stock_movements	stock_movements_tenant_select	PERMISSIVE	authenticated	SELECT	\nCASE\n    WHEN (current_setting('app.use_tenant_rls'::text, true) = 'true'::text) THEN ((tenant_id = current_user_tenant_id()) AND (is_admin() OR (store_id = ANY (current_user_store_ids()))))\n    ELSE (is_admin() OR has_store_access(store_id))\nEND	
public	stock_movements	stock_movements_update_rls	PERMISSIVE	authenticated	UPDATE	false	
public	store_cost_templates	store_cost_templates_delete_admin	PERMISSIVE	authenticated	DELETE	(is_global_admin() OR has_store_role(store_id, ARRAY['admin'::text]))	
public	store_cost_templates	store_cost_templates_insert_roles	PERMISSIVE	authenticated	INSERT		(is_global_admin() OR has_store_role(store_id, ARRAY['admin'::text, 'manager'::text, 'encargado'::text]))
public	store_cost_templates	store_cost_templates_select_authenticated	PERMISSIVE	authenticated	SELECT	(is_global_admin() OR is_store_member(store_id))	
public	store_cost_templates	store_cost_templates_select_rls	PERMISSIVE	authenticated	SELECT	(EXISTS ( SELECT 1\n   FROM user_store_memberships m\n  WHERE ((m.user_id = auth.uid()) AND (m.status = 'active'::membership_status) AND (m.store_id = store_cost_templates.store_id))))	
public	store_cost_templates	store_cost_templates_update_roles	PERMISSIVE	authenticated	UPDATE	(is_global_admin() OR has_store_role(store_id, ARRAY['admin'::text, 'manager'::text, 'encargado'::text]))	(is_global_admin() OR has_store_role(store_id, ARRAY['admin'::text, 'manager'::text, 'encargado'::text]))
public	store_exchange_rates	Users can manage own store rates	PERMISSIVE	public	ALL	(EXISTS ( SELECT 1\n   FROM profiles p\n  WHERE ((p.id = auth.uid()) AND (p.store_id = store_exchange_rates.store_id))))	(EXISTS ( SELECT 1\n   FROM profiles p\n  WHERE ((p.id = auth.uid()) AND (p.store_id = store_exchange_rates.store_id))))
public	store_exchange_rates	Users can view own store rates	PERMISSIVE	public	SELECT	((EXISTS ( SELECT 1\n   FROM profiles p\n  WHERE ((p.id = auth.uid()) AND (p.store_id = store_exchange_rates.store_id)))) OR (EXISTS ( SELECT 1\n   FROM profiles p\n  WHERE ((p.id = auth.uid()) AND (p.role = 'admin'::user_role)))))	
public	store_notifications	notif_insert_own	PERMISSIVE	public	INSERT		(user_id = auth.uid())
public	store_notifications	notif_select_own	PERMISSIVE	public	SELECT	(user_id = auth.uid())	
public	store_reset_snapshots	store_reset_snapshots_admin_all	PERMISSIVE	authenticated	ALL	(EXISTS ( SELECT 1\n   FROM profiles p\n  WHERE ((p.id = auth.uid()) AND (p.role = 'admin'::user_role))))	
public	stores	stores_delete_admin_only	PERMISSIVE	authenticated	DELETE	(is_global_admin() OR has_store_role(id, ARRAY['admin'::text]))	
public	stores	stores_insert_admin_manager	PERMISSIVE	authenticated	INSERT		(EXISTS ( SELECT 1\n   FROM profiles\n  WHERE ((profiles.id = auth.uid()) AND (profiles.role = ANY (ARRAY['admin'::user_role, 'manager'::user_role])))))
public	stores	stores_select_anon	PERMISSIVE	anon	SELECT	(is_active = true)	
public	stores	stores_select_authenticated	PERMISSIVE	authenticated	SELECT	(is_global_admin() OR is_store_member(id))	
public	stores	stores_tenant_delete	PERMISSIVE	authenticated	DELETE	\nCASE\n    WHEN (current_setting('app.use_tenant_rls'::text, true) = 'true'::text) THEN ((tenant_id = current_user_tenant_id()) AND is_admin())\n    ELSE is_admin()\nEND	
public	stores	stores_tenant_select	PERMISSIVE	authenticated	SELECT	\nCASE\n    WHEN (current_setting('app.use_tenant_rls'::text, true) = 'true'::text) THEN (tenant_id = current_user_tenant_id())\n    ELSE (is_admin() OR (id = ANY (current_user_store_ids())))\nEND	
public	stores	stores_tenant_update	PERMISSIVE	authenticated	UPDATE	\nCASE\n    WHEN (current_setting('app.use_tenant_rls'::text, true) = 'true'::text) THEN ((tenant_id = current_user_tenant_id()) AND is_admin())\n    ELSE (is_admin() OR has_store_access(id))\nEND	
public	stores	stores_update_member_roles	PERMISSIVE	authenticated	UPDATE	(is_global_admin() OR has_store_role(id, ARRAY['admin'::text, 'manager'::text, 'encargado'::text]))	(is_global_admin() OR has_store_role(id, ARRAY['admin'::text, 'manager'::text, 'encargado'::text]))
public	suppliers	suppliers_insert_authenticated	PERMISSIVE	authenticated	INSERT		((store_id IN ( SELECT user_store_memberships.store_id\n   FROM user_store_memberships\n  WHERE ((user_store_memberships.user_id = auth.uid()) AND (user_store_memberships.role = ANY (ARRAY['admin'::user_role, 'manager'::user_role, 'encargado'::user_role]))))) OR (EXISTS ( SELECT 1\n   FROM profiles\n  WHERE ((profiles.id = auth.uid()) AND (profiles.role = 'admin'::user_role)))))
public	suppliers	suppliers_select_authenticated	PERMISSIVE	authenticated	SELECT	((store_id IN ( SELECT user_store_memberships.store_id\n   FROM user_store_memberships\n  WHERE (user_store_memberships.user_id = auth.uid()))) OR (EXISTS ( SELECT 1\n   FROM profiles\n  WHERE ((profiles.id = auth.uid()) AND (profiles.role = 'admin'::user_role)))))	
public	suppliers	suppliers_update_authenticated	PERMISSIVE	authenticated	UPDATE	((store_id IN ( SELECT user_store_memberships.store_id\n   FROM user_store_memberships\n  WHERE ((user_store_memberships.user_id = auth.uid()) AND (user_store_memberships.role = ANY (ARRAY['admin'::user_role, 'manager'::user_role, 'encargado'::user_role]))))) OR (EXISTS ( SELECT 1\n   FROM profiles\n  WHERE ((profiles.id = auth.uid()) AND (profiles.role = 'admin'::user_role)))))	
public	sync_log	Users can insert their own sync logs	PERMISSIVE	public	INSERT		(( SELECT auth.uid() AS uid) = user_id)
public	sync_log	Users can update their own sync logs	PERMISSIVE	public	UPDATE	(( SELECT auth.uid() AS uid) = user_id)	(( SELECT auth.uid() AS uid) = user_id)
public	sync_log	Users can view their own sync logs	PERMISSIVE	public	SELECT	(( SELECT auth.uid() AS uid) = user_id)	
public	system_config	system_config_admin_manage	PERMISSIVE	authenticated	ALL	is_admin()	is_admin()
public	system_config	system_config_read_authenticated	PERMISSIVE	authenticated	SELECT	(is_admin() OR has_role('manager'::user_role))	
public	system_health_logs	Allow authenticated reads	PERMISSIVE	authenticated	SELECT	true	
public	system_metrics	Admins and managers can view system metrics	PERMISSIVE	authenticated	SELECT	(EXISTS ( SELECT 1\n   FROM profiles\n  WHERE ((profiles.id = auth.uid()) AND ((profiles.role = 'admin'::user_role) OR (profiles.role = 'manager'::user_role) OR (profiles.role = 'encargado'::user_role)))))	
public	system_metrics	Only admins can insert system metrics	PERMISSIVE	authenticated	INSERT		(EXISTS ( SELECT 1\n   FROM profiles\n  WHERE ((profiles.id = auth.uid()) AND (profiles.role = 'admin'::user_role))))
public	tax_configurations	Tax unified	PERMISSIVE	authenticated	ALL	has_store_access(store_id)	
public	telegram_configs	telegram_configs_select	PERMISSIVE	public	SELECT	((store_id IN ( SELECT m.store_id\n   FROM user_store_memberships m\n  WHERE ((m.user_id = auth.uid()) AND (m.status = 'active'::membership_status)))) OR (EXISTS ( SELECT 1\n   FROM profiles p\n  WHERE ((p.id = auth.uid()) AND (p.role = 'admin'::user_role)))))	
public	telegram_configs	telegram_configs_write	PERMISSIVE	public	ALL	((store_id IN ( SELECT m.store_id\n   FROM user_store_memberships m\n  WHERE ((m.user_id = auth.uid()) AND (m.status = 'active'::membership_status) AND (m.role = ANY (ARRAY['admin'::user_role, 'manager'::user_role, 'encargado'::user_role]))))) OR (EXISTS ( SELECT 1\n   FROM profiles p\n  WHERE ((p.id = auth.uid()) AND (p.role = 'admin'::user_role)))))	((store_id IN ( SELECT m.store_id\n   FROM user_store_memberships m\n  WHERE ((m.user_id = auth.uid()) AND (m.status = 'active'::membership_status) AND (m.role = ANY (ARRAY['admin'::user_role, 'manager'::user_role, 'encargado'::user_role]))))) OR (EXISTS ( SELECT 1\n   FROM profiles p\n  WHERE ((p.id = auth.uid()) AND (p.role = 'admin'::user_role)))))
public	telegram_contacts	telegram_contacts_select	PERMISSIVE	public	SELECT	((store_id IN ( SELECT m.store_id\n   FROM user_store_memberships m\n  WHERE ((m.user_id = auth.uid()) AND (m.status = 'active'::membership_status)))) OR (EXISTS ( SELECT 1\n   FROM profiles p\n  WHERE ((p.id = auth.uid()) AND (p.role = 'admin'::user_role)))))	
public	telegram_contacts	telegram_contacts_write	PERMISSIVE	public	ALL	((store_id IN ( SELECT m.store_id\n   FROM user_store_memberships m\n  WHERE ((m.user_id = auth.uid()) AND (m.status = 'active'::membership_status) AND (m.role = ANY (ARRAY['admin'::user_role, 'manager'::user_role, 'encargado'::user_role]))))) OR (EXISTS ( SELECT 1\n   FROM profiles p\n  WHERE ((p.id = auth.uid()) AND (p.role = 'admin'::user_role)))))	((store_id IN ( SELECT m.store_id\n   FROM user_store_memberships m\n  WHERE ((m.user_id = auth.uid()) AND (m.status = 'active'::membership_status) AND (m.role = ANY (ARRAY['admin'::user_role, 'manager'::user_role, 'encargado'::user_role]))))) OR (EXISTS ( SELECT 1\n   FROM profiles p\n  WHERE ((p.id = auth.uid()) AND (p.role = 'admin'::user_role)))))
public	telegram_invitations	telegram_invitations_select	PERMISSIVE	public	SELECT	((store_id IN ( SELECT m.store_id\n   FROM user_store_memberships m\n  WHERE ((m.user_id = auth.uid()) AND (m.status = 'active'::membership_status)))) OR (EXISTS ( SELECT 1\n   FROM profiles p\n  WHERE ((p.id = auth.uid()) AND (p.role = 'admin'::user_role)))))	
public	telegram_invitations	telegram_invitations_write	PERMISSIVE	public	ALL	((store_id IN ( SELECT m.store_id\n   FROM user_store_memberships m\n  WHERE ((m.user_id = auth.uid()) AND (m.status = 'active'::membership_status) AND (m.role = ANY (ARRAY['admin'::user_role, 'manager'::user_role, 'encargado'::user_role]))))) OR (EXISTS ( SELECT 1\n   FROM profiles p\n  WHERE ((p.id = auth.uid()) AND (p.role = 'admin'::user_role)))))	((store_id IN ( SELECT m.store_id\n   FROM user_store_memberships m\n  WHERE ((m.user_id = auth.uid()) AND (m.status = 'active'::membership_status) AND (m.role = ANY (ARRAY['admin'::user_role, 'manager'::user_role, 'encargado'::user_role]))))) OR (EXISTS ( SELECT 1\n   FROM profiles p\n  WHERE ((p.id = auth.uid()) AND (p.role = 'admin'::user_role)))))
public	telegram_messages	telegram_messages_select	PERMISSIVE	public	SELECT	((store_id IN ( SELECT m.store_id\n   FROM user_store_memberships m\n  WHERE ((m.user_id = auth.uid()) AND (m.status = 'active'::membership_status)))) OR (EXISTS ( SELECT 1\n   FROM profiles p\n  WHERE ((p.id = auth.uid()) AND (p.role = 'admin'::user_role)))))	
public	telegram_messages	telegram_messages_write	PERMISSIVE	public	ALL	((store_id IN ( SELECT m.store_id\n   FROM user_store_memberships m\n  WHERE ((m.user_id = auth.uid()) AND (m.status = 'active'::membership_status) AND (m.role = ANY (ARRAY['admin'::user_role, 'manager'::user_role, 'encargado'::user_role]))))) OR (EXISTS ( SELECT 1\n   FROM profiles p\n  WHERE ((p.id = auth.uid()) AND (p.role = 'admin'::user_role)))))	((store_id IN ( SELECT m.store_id\n   FROM user_store_memberships m\n  WHERE ((m.user_id = auth.uid()) AND (m.status = 'active'::membership_status) AND (m.role = ANY (ARRAY['admin'::user_role, 'manager'::user_role, 'encargado'::user_role]))))) OR (EXISTS ( SELECT 1\n   FROM profiles p\n  WHERE ((p.id = auth.uid()) AND (p.role = 'admin'::user_role)))))
public	telegram_product_posts	Users can manage own store posts	PERMISSIVE	public	ALL	((EXISTS ( SELECT 1\n   FROM user_store_memberships m\n  WHERE ((m.user_id = auth.uid()) AND (m.store_id = telegram_product_posts.store_id) AND (m.status = 'active'::membership_status)))) OR (EXISTS ( SELECT 1\n   FROM profiles p\n  WHERE ((p.id = auth.uid()) AND (p.role = 'admin'::user_role)))))	((EXISTS ( SELECT 1\n   FROM user_store_memberships m\n  WHERE ((m.user_id = auth.uid()) AND (m.store_id = telegram_product_posts.store_id) AND (m.status = 'active'::membership_status)))) OR (EXISTS ( SELECT 1\n   FROM profiles p\n  WHERE ((p.id = auth.uid()) AND (p.role = 'admin'::user_role)))))
public	telegram_product_posts	Users can view own store posts	PERMISSIVE	public	SELECT	((EXISTS ( SELECT 1\n   FROM user_store_memberships m\n  WHERE ((m.user_id = auth.uid()) AND (m.store_id = telegram_product_posts.store_id) AND (m.status = 'active'::membership_status)))) OR (EXISTS ( SELECT 1\n   FROM profiles p\n  WHERE ((p.id = auth.uid()) AND (p.role = 'admin'::user_role)))))	
public	tenants	tenants_delete_admin_only	PERMISSIVE	authenticated	DELETE	is_admin()	
public	tenants	tenants_insert_admin_only	PERMISSIVE	authenticated	INSERT		is_admin()
public	tenants	tenants_select_own_or_admin	PERMISSIVE	authenticated	SELECT	(is_admin() OR (owner_id = auth.uid()) OR (id = ( SELECT profiles.tenant_id\n   FROM profiles\n  WHERE (profiles.id = auth.uid()))))	
public	tenants	tenants_select_own_or_store_member	PERMISSIVE	authenticated	SELECT	(is_admin() OR (EXISTS ( SELECT 1\n   FROM profiles p\n  WHERE ((p.id = auth.uid()) AND (p.tenant_id = tenants.id)))) OR (EXISTS ( SELECT 1\n   FROM (user_store_memberships m\n     JOIN stores s ON ((s.id = m.store_id)))\n  WHERE ((m.user_id = auth.uid()) AND ((m.status)::text = 'active'::text) AND (s.tenant_id = tenants.id)))))	
public	tenants	tenants_update_own_or_admin	PERMISSIVE	authenticated	UPDATE	(is_admin() OR (owner_id = auth.uid()))	(is_admin() OR (owner_id = auth.uid()))
public	transaction_item_lots	tx_lots_select	PERMISSIVE	authenticated	SELECT	(EXISTS ( SELECT 1\n   FROM (transaction_items ti\n     JOIN transactions t ON ((t.id = ti.transaction_id)))\n  WHERE ((ti.id = transaction_item_lots.transaction_item_id) AND has_store_access(t.store_id))))	
public	transaction_items	Transaction items insert	PERMISSIVE	authenticated	INSERT		(EXISTS ( SELECT 1\n   FROM transactions t\n  WHERE ((t.id = transaction_items.transaction_id) AND (t.seller_id = ( SELECT auth.uid() AS uid)))))
public	transaction_items	Transaction items select	PERMISSIVE	authenticated	SELECT	(EXISTS ( SELECT 1\n   FROM transactions t\n  WHERE ((t.id = transaction_items.transaction_id) AND ((t.seller_id = ( SELECT auth.uid() AS uid)) OR has_store_access(t.store_id)))))	
public	transaction_recovery_ledger	f01_snapshot_restorer_access	PERMISSIVE	costpro_snapshot_restorer	ALL	true	true
public	transactions	transactions_delete_rls	PERMISSIVE	authenticated	DELETE	(EXISTS ( SELECT 1\n   FROM user_store_memberships m\n  WHERE ((m.user_id = auth.uid()) AND (m.status = 'active'::membership_status) AND (m.store_id = transactions.store_id))))	
public	transactions	transactions_select_rls	PERMISSIVE	authenticated	SELECT	(EXISTS ( SELECT 1\n   FROM user_store_memberships m\n  WHERE ((m.user_id = auth.uid()) AND (m.status = 'active'::membership_status) AND (m.store_id = transactions.store_id))))	
public	transactions	transactions_tenant_delete	PERMISSIVE	authenticated	DELETE	\nCASE\n    WHEN (current_setting('app.use_tenant_rls'::text, true) = 'true'::text) THEN ((tenant_id = current_user_tenant_id()) AND is_admin())\n    ELSE is_admin()\nEND	
public	transactions	transactions_tenant_insert_with_check	PERMISSIVE	authenticated	INSERT		((tenant_id = current_user_tenant_id()) AND (store_id = ANY (current_user_store_ids())))
public	transactions	transactions_tenant_select	PERMISSIVE	authenticated	SELECT	\nCASE\n    WHEN (current_setting('app.use_tenant_rls'::text, true) = 'true'::text) THEN ((tenant_id = current_user_tenant_id()) AND (is_admin() OR (store_id = ANY (current_user_store_ids()))))\n    ELSE (is_admin() OR has_store_access(store_id))\nEND	
public	transactions	transactions_tenant_update	PERMISSIVE	authenticated	UPDATE	\nCASE\n    WHEN (current_setting('app.use_tenant_rls'::text, true) = 'true'::text) THEN ((tenant_id = current_user_tenant_id()) AND (is_admin() OR (store_id = ANY (current_user_store_ids()))))\n    ELSE (is_admin() OR has_store_access(store_id))\nEND	
public	transactions	transactions_update_rls	PERMISSIVE	authenticated	UPDATE	(EXISTS ( SELECT 1\n   FROM user_store_memberships m\n  WHERE ((m.user_id = auth.uid()) AND (m.status = 'active'::membership_status) AND (m.store_id = transactions.store_id))))	
public	transfer_approval_rules	transfer_approval_rules_tenant_select	PERMISSIVE	authenticated	SELECT	\nCASE\n    WHEN (current_setting('app.use_tenant_rls'::text, true) = 'true'::text) THEN ((tenant_id = current_user_tenant_id()) AND is_admin())\n    ELSE (is_admin() OR is_global_admin())\nEND	
public	transfer_items	transfer_items_insert_v2	PERMISSIVE	public	INSERT		(EXISTS ( SELECT 1\n   FROM transfers t\n  WHERE ((t.id = transfer_items.transfer_id) AND (has_store_access(t.origin_store_id) OR has_store_access(t.destination_store_id)))))
public	transfer_items	transfer_items_view_v2	PERMISSIVE	public	SELECT	(EXISTS ( SELECT 1\n   FROM transfers t\n  WHERE ((t.id = transfer_items.transfer_id) AND (has_store_access(t.origin_store_id) OR has_store_access(t.destination_store_id)))))	
public	transfers	transfers_select_rls	PERMISSIVE	authenticated	SELECT	(EXISTS ( SELECT 1\n   FROM user_store_memberships m\n  WHERE ((m.user_id = auth.uid()) AND (m.status = 'active'::membership_status) AND (m.store_id = transfers.origin_store_id))))	
public	transfers	transfers_tenant_select	PERMISSIVE	authenticated	SELECT	\nCASE\n    WHEN (current_setting('app.use_tenant_rls'::text, true) = 'true'::text) THEN (tenant_id = current_user_tenant_id())\n    ELSE (is_admin() OR (origin_store_id = ANY (current_user_store_ids())) OR (destination_store_id = ANY (current_user_store_ids())))\nEND	
public	usage_aggregates	usage_aggregates_insert_service	PERMISSIVE	service_role	INSERT		true
public	usage_aggregates	usage_aggregates_select_admin	PERMISSIVE	authenticated	SELECT	(EXISTS ( SELECT 1\n   FROM profiles p\n  WHERE ((p.id = auth.uid()) AND (p.role = 'admin'::user_role))))	
public	usage_aggregates	usage_aggregates_update_service	PERMISSIVE	service_role	UPDATE	true	true
public	usage_alerts	usage_alerts_insert_service	PERMISSIVE	service_role	INSERT		true
public	usage_alerts	usage_alerts_select_admin	PERMISSIVE	authenticated	SELECT	(EXISTS ( SELECT 1\n   FROM profiles p\n  WHERE ((p.id = auth.uid()) AND (p.role = 'admin'::user_role))))	
public	usage_alerts	usage_alerts_update_service	PERMISSIVE	service_role	UPDATE	true	true
public	usage_drift	usage_drift_insert_service	PERMISSIVE	service_role	INSERT		true
public	usage_drift	usage_drift_select_admin	PERMISSIVE	authenticated	SELECT	(EXISTS ( SELECT 1\n   FROM profiles p\n  WHERE ((p.id = auth.uid()) AND (p.role = 'admin'::user_role))))	
public	usage_thresholds	usage_thresholds_select_admin	PERMISSIVE	authenticated	SELECT	(EXISTS ( SELECT 1\n   FROM profiles p\n  WHERE ((p.id = auth.uid()) AND (p.role = 'admin'::user_role))))	
public	usage_thresholds	usage_thresholds_update_admin	PERMISSIVE	authenticated	UPDATE	(EXISTS ( SELECT 1\n   FROM profiles p\n  WHERE ((p.id = auth.uid()) AND (p.role = 'admin'::user_role))))	(EXISTS ( SELECT 1\n   FROM profiles p\n  WHERE ((p.id = auth.uid()) AND (p.role = 'admin'::user_role))))
public	user_audit_log	Admins and managers can view user audit logs	PERMISSIVE	authenticated	SELECT	(is_admin() OR has_role('manager'::user_role) OR has_role('encargado'::user_role))	
public	user_invitations	user_invitations_insert_admin_manager	PERMISSIVE	authenticated	INSERT		(is_admin() OR has_store_role(store_id, ARRAY['admin'::text, 'manager'::text]))
public	user_invitations	user_invitations_select_own_managed	PERMISSIVE	authenticated	SELECT	(is_admin() OR (invited_by = auth.uid()) OR has_store_role(store_id, ARRAY['admin'::text, 'manager'::text]))	
public	user_invitations	user_invitations_update_admin_manager	PERMISSIVE	authenticated	UPDATE	(is_admin() OR has_store_role(store_id, ARRAY['admin'::text, 'manager'::text]))	(is_admin() OR has_store_role(store_id, ARRAY['admin'::text, 'manager'::text]))
public	user_preferences	Users can read own preferences	PERMISSIVE	authenticated	SELECT	(user_id = auth.uid())	
public	user_preferences	Users can write own preferences	PERMISSIVE	authenticated	ALL	(user_id = auth.uid())	(user_id = auth.uid())
public	user_progress	user_progress_delete	PERMISSIVE	authenticated	DELETE	((auth.uid() = user_id) OR is_admin())	
public	user_progress	user_progress_insert	PERMISSIVE	authenticated	INSERT		(auth.uid() = user_id)
public	user_progress	user_progress_select	PERMISSIVE	authenticated	SELECT	((auth.uid() = user_id) OR is_admin())	
public	user_progress	user_progress_update	PERMISSIVE	authenticated	UPDATE	(auth.uid() = user_id)	(auth.uid() = user_id)
public	user_store_memberships	memberships_delete_admin	PERMISSIVE	authenticated	DELETE	(is_global_admin() OR has_store_role(store_id, ARRAY['admin'::text]))	
public	user_store_memberships	memberships_insert_admin_manager	PERMISSIVE	authenticated	INSERT		(is_global_admin() OR has_store_role(store_id, ARRAY['admin'::text, 'manager'::text]))
public	user_store_memberships	memberships_select_own_and_managed	PERMISSIVE	authenticated	SELECT	((user_id = auth.uid()) OR is_global_admin() OR has_store_role(store_id, ARRAY['admin'::text, 'manager'::text, 'encargado'::text]))	
public	user_store_memberships	memberships_update_admin	PERMISSIVE	authenticated	UPDATE	(is_global_admin() OR has_store_role(store_id, ARRAY['admin'::text]))	(is_global_admin() OR has_store_role(store_id, ARRAY['admin'::text]))
public	user_strategy_feedback	Users can insert their own feedback	PERMISSIVE	public	INSERT		(auth.uid() = user_id)
public	user_strategy_feedback	Users can only see their own feedback	PERMISSIVE	public	SELECT	(auth.uid() = user_id)	
public	user_strategy_feedback	Users can update their own feedback	PERMISSIVE	public	UPDATE	(auth.uid() = user_id)	
public	user_usage	Users can manage their own usage logs	PERMISSIVE	authenticated	ALL	(auth.uid() = user_id)	(auth.uid() = user_id)
public	wallet_accounts	Admins can view all wallet accounts	PERMISSIVE	public	SELECT	(EXISTS ( SELECT 1\n   FROM profiles p\n  WHERE ((p.id = auth.uid()) AND (p.role = 'admin'::user_role))))	
public	wallet_accounts	Users can delete own wallet accounts	PERMISSIVE	public	DELETE	(auth.uid() = user_id)	
public	wallet_accounts	Users can insert own wallet accounts	PERMISSIVE	public	INSERT		(auth.uid() = user_id)
public	wallet_accounts	Users can update own wallet accounts	PERMISSIVE	public	UPDATE	(auth.uid() = user_id)	(auth.uid() = user_id)
public	wallet_accounts	Users can view own wallet accounts	PERMISSIVE	public	SELECT	(auth.uid() = user_id)	
public	wallet_transactions	Admins can view all wallet transactions	PERMISSIVE	public	SELECT	(EXISTS ( SELECT 1\n   FROM profiles p\n  WHERE ((p.id = auth.uid()) AND (p.role = 'admin'::user_role))))	
public	wallet_transactions	Users can delete own wallet transactions	PERMISSIVE	public	DELETE	(auth.uid() = user_id)	
public	wallet_transactions	Users can insert own wallet transactions	PERMISSIVE	public	INSERT		(auth.uid() = user_id)
public	wallet_transactions	Users can update own wallet transactions	PERMISSIVE	public	UPDATE	(auth.uid() = user_id)	(auth.uid() = user_id)
public	wallet_transactions	Users can view own wallet transactions	PERMISSIVE	public	SELECT	(auth.uid() = user_id)	
public	warehouse_stock	whs_delete	PERMISSIVE	authenticated	DELETE	has_store_access(store_id)	
public	warehouse_stock	whs_insert	PERMISSIVE	authenticated	INSERT		has_store_access(store_id)
public	warehouse_stock	whs_select	PERMISSIVE	authenticated	SELECT	has_store_access(store_id)	
public	warehouse_stock	whs_update	PERMISSIVE	authenticated	UPDATE	has_store_access(store_id)	
public	warehouses	wh_delete	PERMISSIVE	authenticated	DELETE	has_store_access(store_id)	
public	warehouses	wh_insert	PERMISSIVE	authenticated	INSERT		has_store_access(store_id)
public	warehouses	wh_select	PERMISSIVE	authenticated	SELECT	has_store_access(store_id)	
public	warehouses	wh_update	PERMISSIVE	authenticated	UPDATE	has_store_access(store_id)	
public	whatsapp_configs	whatsapp_configs_select	PERMISSIVE	public	SELECT	((store_id IN ( SELECT m.store_id\n   FROM user_store_memberships m\n  WHERE ((m.user_id = auth.uid()) AND (m.status = 'active'::membership_status)))) OR (EXISTS ( SELECT 1\n   FROM profiles p\n  WHERE ((p.id = auth.uid()) AND (p.role = 'admin'::user_role)))))	
public	whatsapp_configs	whatsapp_configs_write	PERMISSIVE	public	ALL	((store_id IN ( SELECT m.store_id\n   FROM user_store_memberships m\n  WHERE ((m.user_id = auth.uid()) AND (m.status = 'active'::membership_status) AND (m.role = ANY (ARRAY['admin'::user_role, 'manager'::user_role]))))) OR (EXISTS ( SELECT 1\n   FROM profiles p\n  WHERE ((p.id = auth.uid()) AND (p.role = 'admin'::user_role)))))	((store_id IN ( SELECT m.store_id\n   FROM user_store_memberships m\n  WHERE ((m.user_id = auth.uid()) AND (m.status = 'active'::membership_status) AND (m.role = ANY (ARRAY['admin'::user_role, 'manager'::user_role]))))) OR (EXISTS ( SELECT 1\n   FROM profiles p\n  WHERE ((p.id = auth.uid()) AND (p.role = 'admin'::user_role)))))
public	whatsapp_contacts	whatsapp_contacts_select	PERMISSIVE	public	SELECT	((store_id IN ( SELECT m.store_id\n   FROM user_store_memberships m\n  WHERE ((m.user_id = auth.uid()) AND (m.status = 'active'::membership_status)))) OR (EXISTS ( SELECT 1\n   FROM profiles p\n  WHERE ((p.id = auth.uid()) AND (p.role = 'admin'::user_role)))))	
public	whatsapp_contacts	whatsapp_contacts_write	PERMISSIVE	public	ALL	((store_id IN ( SELECT m.store_id\n   FROM user_store_memberships m\n  WHERE ((m.user_id = auth.uid()) AND (m.status = 'active'::membership_status) AND (m.role = ANY (ARRAY['admin'::user_role, 'manager'::user_role]))))) OR (EXISTS ( SELECT 1\n   FROM profiles p\n  WHERE ((p.id = auth.uid()) AND (p.role = 'admin'::user_role)))))	((store_id IN ( SELECT m.store_id\n   FROM user_store_memberships m\n  WHERE ((m.user_id = auth.uid()) AND (m.status = 'active'::membership_status) AND (m.role = ANY (ARRAY['admin'::user_role, 'manager'::user_role]))))) OR (EXISTS ( SELECT 1\n   FROM profiles p\n  WHERE ((p.id = auth.uid()) AND (p.role = 'admin'::user_role)))))
public	whatsapp_invitations	whatsapp_invitations_select	PERMISSIVE	public	SELECT	((store_id IN ( SELECT m.store_id\n   FROM user_store_memberships m\n  WHERE ((m.user_id = auth.uid()) AND (m.status = 'active'::membership_status)))) OR (EXISTS ( SELECT 1\n   FROM profiles p\n  WHERE ((p.id = auth.uid()) AND (p.role = 'admin'::user_role)))))	
public	whatsapp_invitations	whatsapp_invitations_write	PERMISSIVE	public	ALL	((store_id IN ( SELECT m.store_id\n   FROM user_store_memberships m\n  WHERE ((m.user_id = auth.uid()) AND (m.status = 'active'::membership_status) AND (m.role = ANY (ARRAY['admin'::user_role, 'manager'::user_role]))))) OR (EXISTS ( SELECT 1\n   FROM profiles p\n  WHERE ((p.id = auth.uid()) AND (p.role = 'admin'::user_role)))))	((store_id IN ( SELECT m.store_id\n   FROM user_store_memberships m\n  WHERE ((m.user_id = auth.uid()) AND (m.status = 'active'::membership_status) AND (m.role = ANY (ARRAY['admin'::user_role, 'manager'::user_role]))))) OR (EXISTS ( SELECT 1\n   FROM profiles p\n  WHERE ((p.id = auth.uid()) AND (p.role = 'admin'::user_role)))))
public	whatsapp_messages	whatsapp_messages_select	PERMISSIVE	public	SELECT	((store_id IN ( SELECT m.store_id\n   FROM user_store_memberships m\n  WHERE ((m.user_id = auth.uid()) AND (m.status = 'active'::membership_status)))) OR (EXISTS ( SELECT 1\n   FROM profiles p\n  WHERE ((p.id = auth.uid()) AND (p.role = 'admin'::user_role)))))	
public	whatsapp_messages	whatsapp_messages_write	PERMISSIVE	public	ALL	((store_id IN ( SELECT m.store_id\n   FROM user_store_memberships m\n  WHERE ((m.user_id = auth.uid()) AND (m.status = 'active'::membership_status) AND (m.role = ANY (ARRAY['admin'::user_role, 'manager'::user_role]))))) OR (EXISTS ( SELECT 1\n   FROM profiles p\n  WHERE ((p.id = auth.uid()) AND (p.role = 'admin'::user_role)))))	((store_id IN ( SELECT m.store_id\n   FROM user_store_memberships m\n  WHERE ((m.user_id = auth.uid()) AND (m.status = 'active'::membership_status) AND (m.role = ANY (ARRAY['admin'::user_role, 'manager'::user_role]))))) OR (EXISTS ( SELECT 1\n   FROM profiles p\n  WHERE ((p.id = auth.uid()) AND (p.role = 'admin'::user_role)))))
public	whatsapp_product_posts	Users can manage own store whatsapp posts	PERMISSIVE	public	ALL	((EXISTS ( SELECT 1\n   FROM user_store_memberships m\n  WHERE ((m.user_id = auth.uid()) AND (m.store_id = whatsapp_product_posts.store_id) AND (m.status = 'active'::membership_status)))) OR (EXISTS ( SELECT 1\n   FROM profiles p\n  WHERE ((p.id = auth.uid()) AND (p.role = 'admin'::user_role)))))	((EXISTS ( SELECT 1\n   FROM user_store_memberships m\n  WHERE ((m.user_id = auth.uid()) AND (m.store_id = whatsapp_product_posts.store_id) AND (m.status = 'active'::membership_status)))) OR (EXISTS ( SELECT 1\n   FROM profiles p\n  WHERE ((p.id = auth.uid()) AND (p.role = 'admin'::user_role)))))
public	whatsapp_product_posts	Users can view own store whatsapp posts	PERMISSIVE	public	SELECT	((EXISTS ( SELECT 1\n   FROM user_store_memberships m\n  WHERE ((m.user_id = auth.uid()) AND (m.store_id = whatsapp_product_posts.store_id) AND (m.status = 'active'::membership_status)))) OR (EXISTS ( SELECT 1\n   FROM profiles p\n  WHERE ((p.id = auth.uid()) AND (p.role = 'admin'::user_role)))))	
public	whatsapp_risk_state	whatsapp_risk_state_select	PERMISSIVE	public	SELECT	((store_id IN ( SELECT m.store_id\n   FROM user_store_memberships m\n  WHERE ((m.user_id = auth.uid()) AND (m.status = 'active'::membership_status)))) OR (EXISTS ( SELECT 1\n   FROM profiles p\n  WHERE ((p.id = auth.uid()) AND (p.role = 'admin'::user_role)))))	
public	whatsapp_risk_state	whatsapp_risk_state_write	PERMISSIVE	public	ALL	((store_id IN ( SELECT m.store_id\n   FROM user_store_memberships m\n  WHERE ((m.user_id = auth.uid()) AND (m.status = 'active'::membership_status) AND (m.role = ANY (ARRAY['admin'::user_role, 'manager'::user_role]))))) OR (EXISTS ( SELECT 1\n   FROM profiles p\n  WHERE ((p.id = auth.uid()) AND (p.role = 'admin'::user_role)))))	((store_id IN ( SELECT m.store_id\n   FROM user_store_memberships m\n  WHERE ((m.user_id = auth.uid()) AND (m.status = 'active'::membership_status) AND (m.role = ANY (ARRAY['admin'::user_role, 'manager'::user_role]))))) OR (EXISTS ( SELECT 1\n   FROM profiles p\n  WHERE ((p.id = auth.uid()) AND (p.role = 'admin'::user_role)))))
public	workers	workers_delete_admin	PERMISSIVE	authenticated	DELETE	(EXISTS ( SELECT 1\n   FROM profiles p\n  WHERE ((p.id = auth.uid()) AND (p.role = 'admin'::user_role))))	
public	workers	workers_insert_admin_manager	PERMISSIVE	authenticated	INSERT		((EXISTS ( SELECT 1\n   FROM profiles p\n  WHERE ((p.id = auth.uid()) AND (p.role = 'admin'::user_role)))) OR (EXISTS ( SELECT 1\n   FROM (user_store_memberships m\n     JOIN profiles p ON ((p.id = m.user_id)))\n  WHERE ((m.user_id = auth.uid()) AND (m.store_id = workers.store_id) AND (m.status = 'active'::membership_status) AND (p.role = ANY (ARRAY['admin'::user_role, 'manager'::user_role]))))))
public	workers	workers_select_authenticated	PERMISSIVE	authenticated	SELECT	((EXISTS ( SELECT 1\n   FROM profiles p\n  WHERE ((p.id = auth.uid()) AND (p.role = 'admin'::user_role)))) OR (EXISTS ( SELECT 1\n   FROM user_store_memberships m\n  WHERE ((m.user_id = auth.uid()) AND (m.store_id = workers.store_id) AND (m.status = 'active'::membership_status)))))	
public	workers	workers_service_role_all	PERMISSIVE	service_role	ALL	true	true
public	workers	workers_tenant_select	PERMISSIVE	authenticated	SELECT	\nCASE\n    WHEN (current_setting('app.use_tenant_rls'::text, true) = 'true'::text) THEN ((tenant_id = current_user_tenant_id()) AND (is_admin() OR (store_id = ANY (current_user_store_ids()))))\n    ELSE (is_admin() OR (store_id = ANY (current_user_store_ids())))\nEND	
public	workers	workers_update_admin_manager	PERMISSIVE	authenticated	UPDATE	((EXISTS ( SELECT 1\n   FROM profiles p\n  WHERE ((p.id = auth.uid()) AND (p.role = 'admin'::user_role)))) OR (EXISTS ( SELECT 1\n   FROM (user_store_memberships m\n     JOIN profiles p ON ((p.id = m.user_id)))\n  WHERE ((m.user_id = auth.uid()) AND (m.store_id = workers.store_id) AND (m.status = 'active'::membership_status) AND (p.role = ANY (ARRAY['admin'::user_role, 'manager'::user_role]))))))	
public	z_reports	z_reports_select_own	PERMISSIVE	authenticated	SELECT	(is_admin() OR has_store_role(store_id, ARRAY['admin'::text, 'manager'::text, 'encargado'::text]))	
