product_id,sku,name,store_id,stock_current,cost_average,created_at,updated_at,status,is_active,has_movements,min_stock,price,cost_price,inventory_quantity,inventory_updated_at,movements_cnt,kardex_cnt,sale_items_cnt
e47421ea-f9aa-452b-b20b-4601ec12410f,CAT-0001,Abrazade metálica de 3/4,d1c4ba0e-5767-4ba0-e576-7d1c4ba0e576,19.0000,489.9999999999999700,2026-07-30 03:00:03.052135+00,2026-07-30 03:00:32.89037+00,ACTIVE,true,true,5.0000,350,244.99999999999997,MISSING,,0,0,0
da1c4090-3e10-4120-a2bc-24da53cffe16,CAT-0002,Abrazade metálica de 1 pulgada,d1c4ba0e-5767-4ba0-e576-7d1c4ba0e576,966.0000,11.919422583856775,2026-07-30 03:00:03.824094+00,2026-08-16 22:01:13.103154+00,ACTIVE,true,true,5.0000,350,244.99999999999997,MISSING,,0,0,0
c4870c06-9332-4db2-b060-70d1fa8ea90c,CAT-0003,Araganes,d1c4ba0e-5767-4ba0-e576-7d1c4ba0e576,4.0000,2240.0000000000000000,2026-07-30 03:00:04.535744+00,2026-08-02 01:16:41.6968+00,ACTIVE,true,true,5.0000,1600,1120,MISSING,,0,0,0
7d0751af-9fa4-4876-84b7-a28520f299d7,CAT-0004,Bisagra,d1c4ba0e-5767-4ba0-e576-7d1c4ba0e576,4.0000,5600.0000000000000000,2026-07-30 03:00:04.805874+00,2026-07-30 03:00:32.89037+00,ACTIVE,true,true,5.0000,4000,2800,MISSING,,0,0,0
69824282-4994-4615-aaf2-896466f9e781,CAT-0005,Brecker 16A Sencillo,d1c4ba0e-5767-4ba0-e576-7d1c4ba0e576,4.0000,2800.0000000000000000,2026-07-30 03:00:05.062076+00,2026-07-30 03:00:32.89037+00,ACTIVE,true,true,5.0000,2000,1400,MISSING,,0,0,0
0e9d781a-4eed-42ef-baa2-09b3ea1d990c,CAT-0006,Brecker 25 A Sencillo,d1c4ba0e-5767-4ba0-e576-7d1c4ba0e576,2.0000,2800.0000000000000000,2026-07-30 03:00:05.319227+00,2026-07-30 03:00:32.89037+00,ACTIVE,true,true,5.0000,2000,1400,MISSING,,0,0,0
e65916ea-9ca2-4e25-a78f-6be15b46a912,CAT-0007,Brecker 32A Trifasico,d1c4ba0e-5767-4ba0-e576-7d1c4ba0e576,1.0000,4200.0000000000000000,2026-07-30 03:00:05.576355+00,2026-07-30 03:00:32.89037+00,ACTIVE,true,true,5.0000,3000,2100,MISSING,,0,0,0
dfe95aa3-967c-4383-9664-2e8abf7ba7fd,CAT-0008,Brecker C32 A Trible,d1c4ba0e-5767-4ba0-e576-7d1c4ba0e576,0.0000,8400.0000000000000000,2026-07-30 03:00:05.828182+00,2026-07-16 12:00:00+00,ACTIVE,true,true,5.0000,6000,4200,MISSING,,0,0,0
08c9acfd-e10d-44f2-b25f-870d632dbe18,CAT-0009,Brecker D63 A,d1c4ba0e-5767-4ba0-e576-7d1c4ba0e576,38.0000,15749.99999999999900,2026-07-30 03:00:06.091751+00,2026-07-30 03:00:32.89037+00,ACTIVE,true,true,5.0000,25,7874.999999999999,MISSING,,0,0,0
5dd7ff57-9c62-4431-baba-229f9cf62acf,CAT-0010,Brida 58,d1c4ba0e-5767-4ba0-e576-7d1c4ba0e576,2.0000,210.0000000000000000,2026-07-30 03:00:06.354287+00,2026-08-16 21:21:29.396686+00,ACTIVE,true,true,5.0000,150,105,MISSING,,0,0,0
2a822efb-97fb-4235-b154-f983d1f840b5,CAT-0011,Cabilla 70 Cm,d1c4ba0e-5767-4ba0-e576-7d1c4ba0e576,70.0000,489.9999999999999700,2026-07-30 03:00:06.603601+00,2026-07-30 03:00:32.89037+00,ACTIVE,true,true,5.0000,350,244.99999999999997,MISSING,,0,0,0
64551ca6-5488-42e7-a230-428502fc2476,CAT-0012,Cable Conductor electrico 10,d1c4ba0e-5767-4ba0-e576-7d1c4ba0e576,289.0000,1889.9999999999999000,2026-07-30 03:00:06.863212+00,2026-07-17 12:00:00+00,ACTIVE,true,true,5.0000,1350,944.9999999999999,MISSING,,0,0,0
69e4f894-9bdc-4401-ad07-102da972b11b,CAT-0013,Cable Conductor electrico 8,d1c4ba0e-5767-4ba0-e576-7d1c4ba0e576,274.0000,2100.0000000000000000,2026-07-30 03:00:07.115564+00,2026-07-21 12:00:00+00,ACTIVE,true,true,5.0000,1500,1050,MISSING,,0,0,0
60e81773-46ed-4995-8af1-771f85a97fa7,CAT-0014,Distribuidor de corriente 4 salidas,d1c4ba0e-5767-4ba0-e576-7d1c4ba0e576,16.0000,700.0000000000000000,2026-07-30 03:00:07.364992+00,2026-07-30 03:00:32.89037+00,ACTIVE,true,true,5.0000,500,350,MISSING,,0,0,0
bc972d77-5e59-46f5-84a3-9249e1637f17,CAT-0015,Cemento Cola,d1c4ba0e-5767-4ba0-e576-7d1c4ba0e576,16.0000,14000.000000000000,2026-07-30 03:00:07.624412+00,2026-07-25 12:00:00+00,ACTIVE,true,true,5.0000,10000,7000,MISSING,,0,0,0
f483daf8-9094-42a5-aa84-6453254b34dc,CAT-0016,Cemento P425 Tudella,d1c4ba0e-5767-4ba0-e576-7d1c4ba0e576,0.0000,17500.000000000000,2026-07-30 03:00:07.886378+00,2026-07-27 12:00:00+00,ACTIVE,true,true,5.0000,12500,8750,MISSING,,0,0,0
dd469f07-d038-458c-95c6-4e8cc1aac693,CAT-0017,Césped Artificial,d1c4ba0e-5767-4ba0-e576-7d1c4ba0e576,24.0000,9100.0000000000000000,2026-07-30 03:00:08.138733+00,2026-07-17 12:00:00+00,ACTIVE,true,true,5.0000,6500,4550,MISSING,,0,0,0
9da60d14-0a0e-4070-83ca-f3ea689bff25,CAT-0018,Cheques metálicos,d1c4ba0e-5767-4ba0-e576-7d1c4ba0e576,4.0000,4900.0000000000000000,2026-07-30 03:00:08.403177+00,2026-07-30 03:00:32.89037+00,ACTIVE,true,true,5.0000,3500,2450,MISSING,,0,0,0
194cfc6d-3752-4d2a-94c7-8cb29427cffc,CAT-0019,Codo de 90,d1c4ba0e-5767-4ba0-e576-7d1c4ba0e576,29.0000,280.0000000000000000,2026-07-30 03:00:08.654253+00,2026-07-30 03:00:32.89037+00,ACTIVE,true,true,5.0000,200,140,MISSING,,0,0,0
5585361e-3eec-4d7d-a9f1-6c748d875a6a,CAT-0020,Codos de 45 grado,d1c4ba0e-5767-4ba0-e576-7d1c4ba0e576,14.0000,280.0000000000000000,2026-07-30 03:00:08.906221+00,2026-07-30 03:00:32.89037+00,ACTIVE,true,true,5.0000,200,140,MISSING,,0,0,0
01301a54-816a-4e32-9bd4-0d126d2f91c4,CAT-0021,Colchón Milexus,d1c4ba0e-5767-4ba0-e576-7d1c4ba0e576,1.0000,138600.000000000000,2026-07-30 03:00:09.164839+00,2026-08-02 05:22:39.615345+00,ACTIVE,true,true,5.0000,220,69300,MISSING,,0,0,0
4af0518f-ff97-4129-b44c-10d62e5e0c68,CAT-0022,Conectores MC4,d1c4ba0e-5767-4ba0-e576-7d1c4ba0e576,204.0000,4410.0000000000000000,2026-07-30 03:00:09.422101+00,2026-07-28 12:00:00+00,ACTIVE,true,true,5.0000,7,2205,MISSING,,0,0,0
a010153a-6c4a-458f-a118-120166f06d3e,CAT-0023,Cuchilla 2P 100A,d1c4ba0e-5767-4ba0-e576-7d1c4ba0e576,0.0000,6300,2026-07-30 03:00:09.68059+00,2026-07-30 03:00:09.68059+00,ACTIVE,true,false,5.0000,20,6300,MISSING,,0,0,0
53d9c964-d464-428f-b8a3-01a7d6178bc8,CAT-0024,Cuchilla 2P 63A,d1c4ba0e-5767-4ba0-e576-7d1c4ba0e576,0.0000,11340.0000000000000000,2026-07-30 03:00:09.93739+00,2026-07-16 12:00:00+00,ACTIVE,true,true,5.0000,18,5670,MISSING,,0,0,0
bb1b6fd0-9a8e-4f3a-9623-17e9f9b5e73c,CAT-0025,Cuchilla 3P 100A,d1c4ba0e-5767-4ba0-e576-7d1c4ba0e576,1.0000,15749.9999999999990000,2026-07-30 03:00:10.188884+00,2026-07-30 03:00:32.89037+00,ACTIVE,true,true,5.0000,25,7874.999999999999,MISSING,,0,0,0
43370837-f188-401d-a90f-4cc7e2118ae9,CAT-0026,Disco de esmeril,d1c4ba0e-5767-4ba0-e576-7d1c4ba0e576,3.0000,2800.0000000000000000,2026-07-30 03:00:10.447723+00,2026-07-30 03:00:32.89037+00,ACTIVE,true,true,5.0000,2000,1400,MISSING,,0,0,0
3f108b20-f5d6-4604-930e-35c863331f5e,CAT-0027,Escobas,d1c4ba0e-5767-4ba0-e576-7d1c4ba0e576,10.0000,2520.0000000000000000,2026-07-30 03:00:10.705724+00,2026-07-30 03:00:32.89037+00,ACTIVE,true,true,5.0000,1800,1260,MISSING,,0,0,0
8d4c7a66-0b5c-4768-966c-b0ffb8ac3fb2,CAT-0028,Espejo,d1c4ba0e-5767-4ba0-e576-7d1c4ba0e576,36.0000,7000.0000000000000000,2026-07-30 03:00:10.961896+00,2026-07-30 03:00:32.89037+00,ACTIVE,true,true,5.0000,5000,3500,MISSING,,0,0,0
d097619e-6801-4f31-bee9-a76287af7530,CAT-0029,Expansiones 8x80,d1c4ba0e-5767-4ba0-e576-7d1c4ba0e576,532.0000,280.0000000000000000,2026-07-30 03:00:11.218823+00,2026-07-30 03:00:32.89037+00,ACTIVE,true,true,5.0000,200,140,MISSING,,0,0,0
45f4a79c-e449-4053-a293-60961773d734,CAT-0030,Expansiones anaranjada 6*40mm /Rapita,d1c4ba0e-5767-4ba0-e576-7d1c4ba0e576,50.0000,210.0000000000000000,2026-07-30 03:00:11.481928+00,2026-07-30 03:00:32.89037+00,ACTIVE,true,true,5.0000,150,105,MISSING,,0,0,0
3b68e6e7-303e-46e8-9a4a-0bd1d9a1b597,CAT-0031,Expansiones con tornillos M6,d1c4ba0e-5767-4ba0-e576-7d1c4ba0e576,14.0000,489.9999999999999700,2026-07-30 03:00:11.743379+00,2026-07-30 03:00:32.89037+00,ACTIVE,true,true,5.0000,350,244.99999999999997,MISSING,,0,0,0
2a59f5e1-9dc8-440e-9746-26ae2fb30331,CAT-0032,Expansiones con tornillos M8,d1c4ba0e-5767-4ba0-e576-7d1c4ba0e576,10.0000,560.0000000000000000,2026-07-30 03:00:12.000611+00,2026-07-30 03:00:32.89037+00,ACTIVE,true,true,5.0000,400,280,MISSING,,0,0,0
6e7331fa-ef32-4d29-928a-7d84922e3a66,CAT-0033,Extensiones 5M,d1c4ba0e-5767-4ba0-e576-7d1c4ba0e576,1.0000,5600.0000000000000000,2026-07-30 03:00:12.256811+00,2026-07-30 03:00:32.89037+00,ACTIVE,true,true,5.0000,4000,2800,MISSING,,0,0,0
0c2fcc6c-289f-4324-b55f-b5fd11a62002,CAT-0034,Fregadero,d1c4ba0e-5767-4ba0-e576-7d1c4ba0e576,4.0000,32199.99999999999800,2026-07-30 03:00:12.505747+00,2026-07-30 03:00:32.89037+00,ACTIVE,true,true,5.0000,23000,16099.999999999998,MISSING,,0,0,0
af42b21f-217e-4ead-a65d-c69397c13cc6,CAT-0035,Fuete eléctrico,d1c4ba0e-5767-4ba0-e576-7d1c4ba0e576,68.0000,2.0000000000000000,2026-07-30 03:00:12.764822+00,2026-07-30 03:00:32.89037+00,ACTIVE,true,true,5.0000,1,0.7,MISSING,,0,0,0
b3e54ebe-ac35-4a11-b69b-3f0c8147fda1,CAT-0036,Impermeable verde 20Kg,d1c4ba0e-5767-4ba0-e576-7d1c4ba0e576,1.0000,69300.000000000000,2026-07-30 03:00:13.011782+00,2026-07-20 12:00:00+00,ACTIVE,true,true,5.0000,110,34650,MISSING,,0,0,0
017b2f62-0244-4bb0-8d88-82945aaa3726,CAT-0037,J de techo,d1c4ba0e-5767-4ba0-e576-7d1c4ba0e576,26.0000,70.0000000000000000,2026-07-30 03:00:13.281213+00,2026-07-30 03:00:32.89037+00,ACTIVE,true,true,5.0000,50,35,MISSING,,0,0,0
2babc6c7-6b18-4d51-a59a-e9d5fc15cc6e,CAT-0038,Lampara de 20,d1c4ba0e-5767-4ba0-e576-7d1c4ba0e576,25.0000,4480.0000000000000000,2026-07-30 03:00:13.539059+00,2026-07-22 12:00:00+00,ACTIVE,true,true,5.0000,3200,2240,MISSING,,0,0,0
207b1d1e-9b8c-43e4-b6b4-9f4bd977b18a,CAT-0039,Tubo de Lampara de 40,d1c4ba0e-5767-4ba0-e576-7d1c4ba0e576,14.0000,3919.9999999999998000,2026-07-30 03:00:13.787621+00,2026-07-30 03:00:32.89037+00,ACTIVE,true,true,5.0000,2800,1959.9999999999998,MISSING,,0,0,0
6ac93fb5-0ca3-4dd1-8cff-8980658b3caf,CAT-0040,Latiguillo de media por 3/8,d1c4ba0e-5767-4ba0-e576-7d1c4ba0e576,7.0000,1400.0000000000000000,2026-07-30 03:00:14.047811+00,2026-07-30 03:00:32.89037+00,ACTIVE,true,true,5.0000,1000,700,MISSING,,0,0,0
ce3b523f-f616-489b-afa6-91c80e84cd8d,CAT-0041,Latiguillo MC4,d1c4ba0e-5767-4ba0-e576-7d1c4ba0e576,72.0000,2.0000000000000000,2026-07-30 03:00:14.29662+00,2026-07-30 03:00:32.89037+00,ACTIVE,true,true,5.0000,1,0.7,MISSING,,0,0,0
470847a9-f708-46bb-97c1-57bca13d635c,CAT-0042,Llave de lavamano,d1c4ba0e-5767-4ba0-e576-7d1c4ba0e576,3.0000,4200.0000000000000000,2026-07-30 03:00:14.550882+00,2026-07-30 03:00:32.89037+00,ACTIVE,true,true,5.0000,3000,2100,MISSING,,0,0,0
2b2f28e3-e2f4-4d58-840c-4e4af5d651d1,CAT-0043,Losa aporcelanada 60x60,d1c4ba0e-5767-4ba0-e576-7d1c4ba0e576,6.0000,2.0000000000000000,2026-07-30 03:00:14.800221+00,2026-07-30 03:00:32.89037+00,ACTIVE,true,true,5.0000,1,0.7,MISSING,,0,0,0
d640bf18-da13-4ef5-8754-d1226fadf660,CAT-0044,Losa aporcelanada 60x60 con defectos,d1c4ba0e-5767-4ba0-e576-7d1c4ba0e576,4.0000,2.0000000000000000,2026-07-30 03:00:15.053113+00,2026-07-30 03:00:32.89037+00,ACTIVE,true,true,5.0000,1,0.7,MISSING,,0,0,0
5288a38f-85a0-4f2c-9edc-b745c03ef90c,CAT-0045,Malla perli,d1c4ba0e-5767-4ba0-e576-7d1c4ba0e576,3.0000,56000.000000000000,2026-07-30 03:00:15.302143+00,2026-07-20 12:00:00+00,ACTIVE,true,true,5.0000,40000,28000,MISSING,,0,0,0
f13436c1-85a7-430a-889b-a30f5208de85,CAT-0046,Masilla interior blanca,d1c4ba0e-5767-4ba0-e576-7d1c4ba0e576,3.0000,30799.99999999999800,2026-07-30 03:00:15.548993+00,2026-07-22 12:00:00+00,ACTIVE,true,true,5.0000,22000,15399.999999999998,MISSING,,0,0,0
4b15ea41-c8e3-4585-8c72-183133727b33,CAT-0047,Mortero,d1c4ba0e-5767-4ba0-e576-7d1c4ba0e576,40.0000,19600.000000000000,2026-07-30 03:00:15.796207+00,2026-07-30 03:00:32.89037+00,ACTIVE,true,true,5.0000,14000,9800,MISSING,,0,0,0
8d81d8dc-80ab-4456-833b-1901c986c827,CAT-0048,Nudo de media,d1c4ba0e-5767-4ba0-e576-7d1c4ba0e576,38.0000,350.0000000000000000,2026-07-30 03:00:16.042004+00,2026-07-30 03:00:32.89037+00,ACTIVE,true,true,5.0000,250,175,MISSING,,0,0,0
55f7eb2b-8e95-475d-9375-b3b9390f5500,CAT-0049,Nudos de 3/4,d1c4ba0e-5767-4ba0-e576-7d1c4ba0e576,7.0000,2.0000000000000000,2026-07-30 03:00:16.296275+00,2026-07-30 03:00:32.89037+00,ACTIVE,true,true,5.0000,1,0.7,MISSING,,0,0,0
b06c20ed-cd3d-4c6b-b775-959a83b0887b,CAT-0050,Nudos de 50,d1c4ba0e-5767-4ba0-e576-7d1c4ba0e576,9.0000,350.0000000000000000,2026-07-30 03:00:16.550737+00,2026-07-30 03:00:32.89037+00,ACTIVE,true,true,5.0000,250,175,MISSING,,0,0,0
0f0f9cc8-1d72-4cab-973c-8dd35164fe79,CAT-0051,Pintura Casa Blanca 14L,d1c4ba0e-5767-4ba0-e576-7d1c4ba0e576,15.0000,45500.000000000000,2026-07-30 03:00:16.799548+00,2026-07-27 12:00:00+00,ACTIVE,true,true,5.0000,32500,22750,MISSING,,0,0,0
d96b0781-88b3-4992-85c6-4187307de294,CAT-0052,Pintura Verde 4L,d1c4ba0e-5767-4ba0-e576-7d1c4ba0e576,39.0000,3500.0000000000000000,2026-07-30 03:00:17.044454+00,2026-07-21 12:00:00+00,ACTIVE,true,true,5.0000,2500,1750,MISSING,,0,0,0
366f2263-aeba-4c85-acbd-8bf4e8fc0d99,CAT-0053,Planchas de zinc,d1c4ba0e-5767-4ba0-e576-7d1c4ba0e576,0.0000,0.7,2026-07-30 03:00:17.290352+00,2026-07-30 03:00:17.290352+00,ACTIVE,true,false,5.0000,1,0.7,MISSING,,0,0,0
dea47824-d52d-4e0c-a963-2904851ede28,CAT-0054,Porta Fusibles,d1c4ba0e-5767-4ba0-e576-7d1c4ba0e576,0.0000,0.7,2026-07-30 03:00:17.551276+00,2026-07-30 03:00:17.551276+00,ACTIVE,true,false,5.0000,1,0.7,MISSING,,0,0,0
1594070e-136d-47e2-9348-1b172dbab77e,CAT-0055,Purles,d1c4ba0e-5767-4ba0-e576-7d1c4ba0e576,0.0000,28000.000000000000,2026-07-30 03:00:17.799785+00,2026-07-20 12:00:00+00,ACTIVE,true,true,5.0000,20000,14000,MISSING,,0,0,0
ac868bd7-20bb-4af5-bd63-e1eee73fb80c,CAT-0056,Reducido de 3/4,d1c4ba0e-5767-4ba0-e576-7d1c4ba0e576,5.0000,489.9999999999999700,2026-07-30 03:00:18.046369+00,2026-08-16 20:04:50.023403+00,ACTIVE,true,true,5.0000,350,244.99999999999997,MISSING,,0,0,0
0d95ec26-3421-4fbb-9551-8e864e7f516d,CAT-0057,Rodillo,d1c4ba0e-5767-4ba0-e576-7d1c4ba0e576,7.0000,3500.0000000000000000,2026-07-30 03:00:18.290556+00,2026-07-30 03:00:32.89037+00,ACTIVE,true,true,5.0000,2500,1750,MISSING,,0,0,0
0ce83da7-afca-4ea8-bdff-2196b66fc1b8,CAT-0058,Rosca Chapa,d1c4ba0e-5767-4ba0-e576-7d1c4ba0e576,90.0000,2.0000000000000000,2026-07-30 03:00:18.54079+00,2026-07-30 03:00:32.89037+00,ACTIVE,true,true,5.0000,1,0.7,MISSING,,0,0,0
85a6c248-21b4-46c0-b8f5-8eab4b966b02,CAT-0059,Soporte de papel higiénico,d1c4ba0e-5767-4ba0-e576-7d1c4ba0e576,1.0000,3500.0000000000000000,2026-07-30 03:00:18.795098+00,2026-07-30 03:00:32.89037+00,ACTIVE,true,true,5.0000,2500,1750,MISSING,,0,0,0
2b394fa4-0496-49c9-97a2-f6c6b7ae898d,CAT-0060,Supresores de sobretensiones,d1c4ba0e-5767-4ba0-e576-7d1c4ba0e576,0.0000,0.7,2026-07-30 03:00:19.045811+00,2026-07-30 03:00:19.045811+00,ACTIVE,true,false,5.0000,1,0.7,MISSING,,0,0,0
2d706d15-6a07-4aa0-ba16-90f9dc1ffc3c,CAT-0061,T de media,d1c4ba0e-5767-4ba0-e576-7d1c4ba0e576,26.0000,350.0000000000000000,2026-07-30 03:00:19.292083+00,2026-07-30 03:00:32.89037+00,ACTIVE,true,true,5.0000,250,175,MISSING,,0,0,0
94931dba-7515-49cc-b911-287170299bd4,CAT-0062,T de pulgada a 3/4,d1c4ba0e-5767-4ba0-e576-7d1c4ba0e576,0.0000,0.7,2026-07-30 03:00:19.537471+00,2026-07-30 03:00:19.537471+00,ACTIVE,true,false,5.0000,1,0.7,MISSING,,0,0,0
d6c8fb13-7d8d-44a8-8656-cfb6423a385e,CAT-0063,Tanqueta de Aceite negro 20 L,d1c4ba0e-5767-4ba0-e576-7d1c4ba0e576,1.0000,97860.000000000000,2026-07-30 03:00:19.790769+00,2026-07-30 03:00:32.89037+00,ACTIVE,true,true,5.0000,69900,48930,MISSING,,0,0,0
6a64f76b-3f72-4d2f-a90c-67d3cc096adc,CAT-0064,Tanqueta de antioxidante gris 20L,d1c4ba0e-5767-4ba0-e576-7d1c4ba0e576,1.0000,97860.000000000000,2026-07-30 03:00:20.042377+00,2026-07-30 03:00:32.89037+00,ACTIVE,true,true,5.0000,69900,48930,MISSING,,0,0,0
402c85ed-1067-418b-932f-5b6ead480975,CAT-0065,Terminales eléctricas,d1c4ba0e-5767-4ba0-e576-7d1c4ba0e576,130.0000,2.0000000000000000,2026-07-30 03:00:20.287611+00,2026-07-27 12:00:00+00,ACTIVE,true,true,5.0000,1,0.7,MISSING,,0,0,0
bc4498c8-8208-4142-a418-acf3759bb48b,CAT-0066,Tornillo M10,d1c4ba0e-5767-4ba0-e576-7d1c4ba0e576,98.0000,350.0000000000000000,2026-07-30 03:00:20.542546+00,2026-07-30 03:00:32.89037+00,ACTIVE,true,true,5.0000,250,175,MISSING,,0,0,0
e8210228-d972-4d63-aac9-69e73032b5ad,CAT-0067,Transfer monofásico 220,d1c4ba0e-5767-4ba0-e576-7d1c4ba0e576,0.0000,28350.000000000000,2026-07-30 03:00:20.801563+00,2026-07-23 12:00:00+00,ACTIVE,true,true,5.0000,45,14175,MISSING,,0,0,0
14fcc881-07b0-4d0b-a9d6-98f153a763ce,CAT-0068,Transfer trifásico,d1c4ba0e-5767-4ba0-e576-7d1c4ba0e576,1.0000,40950.000000000000,2026-07-30 03:00:21.049975+00,2026-08-16 21:21:28.673185+00,ACTIVE,true,true,5.0000,65,20475,MISSING,,0,0,0
892b2bb1-518a-4198-bcc5-9145a8652641,CAT-0069,Unión universal de 3/4,d1c4ba0e-5767-4ba0-e576-7d1c4ba0e576,4.0000,1120.0000000000000000,2026-07-30 03:00:21.307618+00,2026-07-30 03:00:32.89037+00,ACTIVE,true,true,5.0000,800,560,MISSING,,0,0,0
52a00c8f-e313-45d5-89e5-c341aa8c9b01,CAT-0070,Unión universal de media,d1c4ba0e-5767-4ba0-e576-7d1c4ba0e576,82.0000,840.0000000000000000,2026-07-30 03:00:21.557547+00,2026-07-30 03:00:32.89037+00,ACTIVE,true,true,5.0000,600,420,MISSING,,0,0,0
5c57135f-b7a9-4953-93d9-d7718ab178ba,CAT-0071,Uniones de media/Niple macho,d1c4ba0e-5767-4ba0-e576-7d1c4ba0e576,106.0000,210.0000000000000000,2026-07-30 03:00:21.802309+00,2026-07-28 12:00:00+00,ACTIVE,true,true,5.0000,150,105,MISSING,,0,0,0
868d3a72-2805-4fff-b933-07540e053cdd,CAT-0072,Yee de 50,d1c4ba0e-5767-4ba0-e576-7d1c4ba0e576,6.0000,350.0000000000000000,2026-07-30 03:00:22.056595+00,2026-07-30 03:00:32.89037+00,ACTIVE,true,true,5.0000,250,175,MISSING,,0,0,0
8b626748-d51b-407e-b2ef-ce9b51cca089,CAT-0073,Interruptor doble,d1c4ba0e-5767-4ba0-e576-7d1c4ba0e576,9.0000,2100.0000000000000000,2026-07-30 03:00:22.303458+00,2026-07-30 03:00:32.89037+00,ACTIVE,true,true,5.0000,1500,1050,MISSING,,0,0,0
70ad936d-524b-49f7-9a7b-5b1f204c59c8,CAT-0074,Controlador de línea,d1c4ba0e-5767-4ba0-e576-7d1c4ba0e576,3.0000,8400.0000000000000000,2026-07-30 03:00:22.554161+00,2026-07-30 03:00:32.89037+00,ACTIVE,true,true,5.0000,6000,4200,MISSING,,0,0,0
2999d90d-9d23-490b-8663-b75f818b7c32,CAT-0075,Espigas de 15 AMP,d1c4ba0e-5767-4ba0-e576-7d1c4ba0e576,28.0000,1400.0000000000000000,2026-07-30 03:00:22.80945+00,2026-07-30 03:00:32.89037+00,ACTIVE,true,true,5.0000,1000,700,MISSING,,0,0,0
2dbfb550-4caf-4325-9ba5-8cca6f812017,CAT-0076,Toma corriente con tapa,d1c4ba0e-5767-4ba0-e576-7d1c4ba0e576,6.0000,2100.0000000000000000,2026-07-30 03:00:23.061517+00,2026-07-22 12:00:00+00,ACTIVE,true,true,5.0000,1500,1050,MISSING,,0,0,0
3006ba3e-ca21-4d15-92ab-c7a1a94171a1,CAT-0077,Teipe negro,d1c4ba0e-5767-4ba0-e576-7d1c4ba0e576,7.0000,1400.0000000000000000,2026-07-30 03:00:23.310095+00,2026-07-17 12:00:00+00,ACTIVE,true,true,5.0000,1000,700,MISSING,,0,0,0
c8b1ce8a-1ae2-44e5-a51e-53ad46b47f67,CAT-0078,Tornillo con tuerca 4.8,d1c4ba0e-5767-4ba0-e576-7d1c4ba0e576,322.0000,420.0000000000000000,2026-07-30 03:00:23.565871+00,2026-07-30 03:00:32.89037+00,ACTIVE,true,true,5.0000,300,210,MISSING,,0,0,0
e533e794-cf92-4420-ac6b-f5caee2e0b88,CAT-0079,Interruptor y toma corriente,d1c4ba0e-5767-4ba0-e576-7d1c4ba0e576,10.0000,2100.0000000000000000,2026-07-30 03:00:23.812881+00,2026-07-30 03:00:32.89037+00,ACTIVE,true,true,5.0000,1500,1050,MISSING,,0,0,0
26fdac16-4d7a-4e17-8864-c9cc690206ab,CAT-0080,Brecker C32A Sencillo,d1c4ba0e-5767-4ba0-e576-7d1c4ba0e576,1.0000,3150.0000000000000000,2026-07-30 03:00:24.064471+00,2026-07-30 03:00:32.89037+00,ACTIVE,true,true,5.0000,5,1575,MISSING,,0,0,0
f648c3f8-0c60-4559-b76b-95bc02d9a816,CAT-0081,Bridas de 4x8 400mm,d1c4ba0e-5767-4ba0-e576-7d1c4ba0e576,497.0000,2.00,2026-07-30 03:00:24.322362+00,2026-08-16 21:20:51.698872+00,ACTIVE,true,true,5.0000,1,0.7,MISSING,,0,0,0
1a571786-83ec-44e2-aed2-48b5dbe79f25,CAT-0082,Cripiadora con pela cable Anaranjada,d1c4ba0e-5767-4ba0-e576-7d1c4ba0e576,1.0000,125999.9999999999900,2026-07-30 03:00:24.567899+00,2026-07-30 03:00:32.89037+00,ACTIVE,true,true,5.0000,200,62999.99999999999,MISSING,,0,0,0
df97049c-0d66-4850-afc7-a964af2f52e7,CAT-0083,Cripiadora Roja con 6 dabas rojas,d1c4ba0e-5767-4ba0-e576-7d1c4ba0e576,3.0000,113400.000000000000,2026-07-30 03:00:24.829854+00,2026-07-30 03:00:32.89037+00,ACTIVE,true,true,5.0000,180,56700,MISSING,,0,0,0
aab1bd0b-6cc1-44bf-8d7c-55582a7ec0f5,CAT-0084,Conector XT60,d1c4ba0e-5767-4ba0-e576-7d1c4ba0e576,0.0000,9100.0000000000000000,2026-07-30 03:00:25.077917+00,2026-07-23 12:00:00+00,ACTIVE,true,true,5.0000,6500,4550,MISSING,,0,0,0
de015bd9-ff44-48fc-bfd7-f37adf29b66e,CAT-0085,Panel 585,d1c4ba0e-5767-4ba0-e576-7d1c4ba0e576,8.0000,239399.9999999999900,2026-07-30 03:00:25.323546+00,2026-07-23 12:00:00+00,ACTIVE,true,true,5.0000,380,119699.99999999999,MISSING,,0,0,0
2bd13c85-b960-4952-b014-04e04aab3fb1,CAT-0086,Panel 630,d1c4ba0e-5767-4ba0-e576-7d1c4ba0e576,0.0000,233099.9999999999900,2026-07-30 03:00:25.578784+00,2026-07-25 12:00:00+00,ACTIVE,true,true,5.0000,370,116549.99999999999,MISSING,,0,0,0
983e5726-a068-44b0-98b8-fef76ac481f1,CAT-0087,Cable Solar Negro 4mm,d1c4ba0e-5767-4ba0-e576-7d1c4ba0e576,95.5000,2835.0000000000000000,2026-07-30 03:00:25.832109+00,2026-07-28 12:00:00+00,ACTIVE,true,true,5.0000,4.5,1417.5,MISSING,,0,0,0
99885245-d370-46ea-99d9-176180574f77,CAT-0088,Cable Solar Rojo 4mm,d1c4ba0e-5767-4ba0-e576-7d1c4ba0e576,91.5000,2835.0000000000000000,2026-07-30 03:00:26.086928+00,2026-07-28 12:00:00+00,ACTIVE,true,true,5.0000,4.5,1417.5,MISSING,,0,0,0
9fb22bdf-6a2c-4e9b-9fae-3db0e7438bd8,CAT-0089,Cable Solar Negro 6mm,d1c4ba0e-5767-4ba0-e576-7d1c4ba0e576,0.0000,3150.0000000000000000,2026-07-30 03:00:26.333301+00,2026-07-27 12:00:00+00,ACTIVE,true,true,5.0000,5,1575,MISSING,,0,0,0
7a73a85b-8a66-48d9-a7c3-7f9c91301ade,CAT-0090,Cable Solar Rojo 6mm,d1c4ba0e-5767-4ba0-e576-7d1c4ba0e576,5.0000,3150.0000000000000000,2026-07-30 03:00:26.580372+00,2026-07-27 12:00:00+00,ACTIVE,true,true,5.0000,5,1575,MISSING,,0,0,0
e1c23a92-e7b5-4b6a-8d8f-ee91aa053c81,CAT-0092,Juego de pata,d1c4ba0e-5767-4ba0-e576-7d1c4ba0e576,5.0000,2.0000000000000000,2026-07-30 03:00:26.840664+00,2026-07-21 12:00:00+00,ACTIVE,true,true,5.0000,1,0.7,MISSING,,0,0,0
8d00b701-caee-45b7-9f2f-3469e72baca5,CAT-0094,Barrena 6mm Madera,d1c4ba0e-5767-4ba0-e576-7d1c4ba0e576,3.0000,2.0000000000000000,2026-07-30 03:00:27.087465+00,2026-07-30 03:00:32.89037+00,ACTIVE,true,true,5.0000,1,0.7,MISSING,,0,0,0
435fb1f5-8089-4610-87d6-df60a7d7d95d,CAT-0095,Barrena 34mm Madera,d1c4ba0e-5767-4ba0-e576-7d1c4ba0e576,36.0000,2.0000000000000000,2026-07-30 03:00:27.341229+00,2026-07-30 03:00:32.89037+00,ACTIVE,true,true,5.0000,1,0.7,MISSING,,0,0,0
e05066d4-f1a4-44fe-98f4-b068afc571c7,CAT-0096,Barrena 5mm Madera,d1c4ba0e-5767-4ba0-e576-7d1c4ba0e576,212.0000,2.0000000000000000,2026-07-30 03:00:27.598252+00,2026-07-30 03:00:32.89037+00,ACTIVE,true,true,5.0000,1,0.7,MISSING,,0,0,0
c24ad180-6d3f-4dfd-9625-d569b396951b,CAT-0097,Disco de corte,d1c4ba0e-5767-4ba0-e576-7d1c4ba0e576,122.0000,2.0000000000000000,2026-07-30 03:00:27.848785+00,2026-07-30 03:00:32.89037+00,ACTIVE,true,true,5.0000,1,0.7,MISSING,,0,0,0
32ac0c01-83af-47b3-8dfe-0b07c9810106,CAT-0098,Limpia parabrisa,d1c4ba0e-5767-4ba0-e576-7d1c4ba0e576,42.0000,2.0000000000000000,2026-07-30 03:00:28.107148+00,2026-07-30 03:00:32.89037+00,ACTIVE,true,true,5.0000,1,0.7,MISSING,,0,0,0
7f77f10d-f30f-4de3-888f-4888e1d63b33,CAT-0099,Electrodo 4mm,d1c4ba0e-5767-4ba0-e576-7d1c4ba0e576,100.0000,2.0000000000000000,2026-07-30 03:00:28.354466+00,2026-07-30 03:00:32.89037+00,ACTIVE,true,true,5.0000,1,0.7,MISSING,,0,0,0
6de05641-c590-4527-81b1-f220b6f9969e,CAT-0101,Canal de media,d1c4ba0e-5767-4ba0-e576-7d1c4ba0e576,1.0000,2.0000000000000000,2026-07-30 03:00:28.613505+00,2026-07-30 03:00:32.89037+00,ACTIVE,true,true,5.0000,1,0.7,MISSING,,0,0,0
fc605995-ed45-4e93-a774-27e0fa858e71,CAT-0102,Cajas eléctricas,d1c4ba0e-5767-4ba0-e576-7d1c4ba0e576,10.0000,2.0000000000000000,2026-07-30 03:00:28.865502+00,2026-07-30 03:00:32.89037+00,ACTIVE,true,true,5.0000,1,0.7,MISSING,,0,0,0
f5c8fd29-73e1-4b34-b2e3-7647437baf67,CAT-0103,Perfiles para brecker,d1c4ba0e-5767-4ba0-e576-7d1c4ba0e576,27.0000,2.0000000000000000,2026-07-30 03:00:29.110686+00,2026-07-30 03:00:32.89037+00,ACTIVE,true,true,5.0000,1,0.7,MISSING,,0,0,0
887141dc-e091-4406-aba7-95435fdd3ded,CAT-0104,Terminales cubanas,d1c4ba0e-5767-4ba0-e576-7d1c4ba0e576,18.0000,2.0000000000000000,2026-07-30 03:00:29.365128+00,2026-07-20 12:00:00+00,ACTIVE,true,true,5.0000,1,0.7,MISSING,,0,0,0
63f0eeea-3d37-4f9e-b76f-0174551e7dab,CAT-0105,Cajita breckera sencilla,d1c4ba0e-5767-4ba0-e576-7d1c4ba0e576,1.0000,2.0000000000000000,2026-07-30 03:00:29.616128+00,2026-07-30 03:00:32.89037+00,ACTIVE,true,true,5.0000,1,0.7,MISSING,,0,0,0
20113ad5-0460-4fa7-8521-52a5f16bc708,CAT-0106,Tornillo con arandela,d1c4ba0e-5767-4ba0-e576-7d1c4ba0e576,496.0000,2.0000000000000000,2026-07-30 03:00:29.875021+00,2026-07-27 12:00:00+00,ACTIVE,true,true,5.0000,1,0.7,MISSING,,0,0,0
5d6de612-3f04-4a6f-9769-4102809eca79,CAT-0107,Caja de distribución TRIC,d1c4ba0e-5767-4ba0-e576-7d1c4ba0e576,4.0000,2.0000000000000000,2026-07-30 03:00:30.122855+00,2026-07-30 03:00:32.89037+00,ACTIVE,true,true,5.0000,1,0.7,MISSING,,0,0,0
54f03982-4f3e-42b5-a399-f5331833538c,CAT-0108,Cajita Breckera sencilla gris,d1c4ba0e-5767-4ba0-e576-7d1c4ba0e576,3.0000,2.0000000000000000,2026-07-30 03:00:30.367868+00,2026-07-30 03:00:32.89037+00,ACTIVE,true,true,5.0000,1,0.7,MISSING,,0,0,0
670a4628-00d7-467d-bfc7-11f73a155bb1,CAT-0109,inicio Z,d1c4ba0e-5767-4ba0-e576-7d1c4ba0e576,94.0000,1.0189,2026-07-30 03:00:30.621639+00,2026-08-02 01:30:21.979275+00,ACTIVE,true,true,5.0000,1,0.7,MISSING,,0,0,0
5d7b5973-abab-4769-af06-78993d0a39b9,CAT-0110,Intermedio,d1c4ba0e-5767-4ba0-e576-7d1c4ba0e576,217.0000,2.0000000000000000,2026-07-30 03:00:30.869724+00,2026-07-30 03:00:32.89037+00,ACTIVE,true,true,5.0000,1,0.7,MISSING,,0,0,0
f9fa0dbc-9fdc-49b0-8d43-58e5df1c8fbe,CAT-0111,Grapas plasticas con clavo de acero,d1c4ba0e-5767-4ba0-e576-7d1c4ba0e576,49.0000,3500.0000000000000000,2026-07-30 03:00:31.124136+00,2026-07-24 12:00:00+00,ACTIVE,true,true,5.0000,2500,1750,MISSING,,0,0,0
0a1bce2e-6fbd-4cc3-9f90-91c3cc90aae6,CAT-0112,Grapas metalicas 3/4 con tornillo roscante,d1c4ba0e-5767-4ba0-e576-7d1c4ba0e576,100.0000,2.0000000000000000,2026-07-30 03:00:31.372161+00,2026-07-30 03:00:32.89037+00,ACTIVE,true,true,5.0000,1,0.7,MISSING,,0,0,0
53a5555e-9788-4cd8-a068-00f17a95ed60,CAT-0113,Goma Termo Retractil,d1c4ba0e-5767-4ba0-e576-7d1c4ba0e576,200.0000,280.0000000000000000,2026-07-30 03:00:31.619626+00,2026-07-27 12:00:00+00,ACTIVE,true,true,5.0000,200,140,MISSING,,0,0,0
721b1217-1812-449d-9c92-bb89b080f7f6,CAT-0114,Combustible,d1c4ba0e-5767-4ba0-e576-7d1c4ba0e576,20.0000,2.0000000000000000,2026-07-30 03:00:31.872545+00,2026-07-30 03:00:32.89037+00,ACTIVE,true,true,5.0000,1,0.7,MISSING,,0,0,0
b0aa4eaa-9866-4d20-9a19-69167fccaaa2,CAT-0115,Estación solar,d1c4ba0e-5767-4ba0-e576-7d1c4ba0e576,0.0000,1398600.000000000000,2026-07-30 03:00:32.124347+00,2026-07-24 12:00:00+00,ACTIVE,true,true,5.0000,2220,699300,MISSING,,0,0,0
10a6cca7-c6fd-4ec5-8d95-49c76b14ad5e,CAT-0116,Pintura Blanca 5L,d1c4ba0e-5767-4ba0-e576-7d1c4ba0e576,0.0000,4200.0000000000000000,2026-07-30 03:00:32.37739+00,2026-07-25 12:00:00+00,ACTIVE,true,true,5.0000,3000,2100,MISSING,,0,0,0
2fbd9764-93f1-40ae-99ed-15ae5da4e40c,CAT-0117,Inversor,d1c4ba0e-5767-4ba0-e576-7d1c4ba0e576,0.0000,2015999.999999999900,2026-07-30 03:00:32.625074+00,2026-07-27 12:00:00+00,ACTIVE,true,true,5.0000,3200,1007999.9999999999,MISSING,,0,0,0
7049d300-7e08-42f0-b081-d373a331d88c,WAC-1786067683,WAC Test Product 1786067683,d1c4ba0e-5767-4ba0-e576-7d1c4ba0e576,15.0000,4.0000000000000000,2026-08-07 01:54:45.141447+00,2026-08-07 01:54:50.555477+00,ACTIVE,true,true,5.0000,100,5,MISSING,,0,0,0
aa5e148b-df42-4349-a131-867767352669,TASA-EXT-1786067764,Tasa Extrema Test,d1c4ba0e-5767-4ba0-e576-7d1c4ba0e576,11.0000,1090908.000000000000,2026-08-07 01:56:09.904074+00,2026-08-07 01:56:12.189788+00,ACTIVE,true,true,5.0000,100,5,MISSING,,0,0,0
94e53fd4-75ae-4924-a1b1-1b3d13f90df8,VOID-1786067801,Void WAC Test,d1c4ba0e-5767-4ba0-e576-7d1c4ba0e576,10.0000,4.50000000000000000000,2026-08-07 01:56:43.952357+00,2026-08-07 01:56:48.944573+00,ACTIVE,true,true,5.0000,100,5,MISSING,,0,0,0
5bf782be-70c8-4870-9514-46bc2ae9db69,CONC-1786067801,Concurrent Recv Test,d1c4ba0e-5767-4ba0-e576-7d1c4ba0e576,15.0000,4.0000000000000000,2026-08-07 01:56:52.805351+00,2026-08-07 01:56:55.193074+00,ACTIVE,true,true,5.0000,100,5,MISSING,,0,0,0
8f4e2708-540c-477b-bef7-9aed96771a8f,WACTRACE-1786068302,WAC Trace Test 1786068302,d1c4ba0e-5767-4ba0-e576-7d1c4ba0e576,15.0000,4.0000000000000000,2026-08-07 02:05:03.938846+00,2026-08-07 02:05:08.846658+00,ACTIVE,true,true,5.0000,100,5,MISSING,,0,0,0
185f1c6f-e58a-4231-b39a-3a52f2c7ef22,VOIDTRACE-1786068382,VOID Trace Test 1786068382,d1c4ba0e-5767-4ba0-e576-7d1c4ba0e576,10.0000,4.50000000000000000000,2026-08-07 02:06:25.00543+00,2026-08-07 02:06:43.508583+00,ACTIVE,true,true,5.0000,100,5,MISSING,,0,0,0
b7bd618c-38b4-475c-b775-dc81b233a825,WACFIX-1786068956,WAC Fix Test 1786068956,d1c4ba0e-5767-4ba0-e576-7d1c4ba0e576,15.0000,3.8889,2026-08-07 02:15:58.482824+00,2026-08-07 02:16:04.036904+00,ACTIVE,true,true,5.0000,100,5,MISSING,,0,0,0
7dbff68e-3ad1-479b-b228-f81021699ed4,WACFINAL-1786069134,WAC Final Test 1786069134,d1c4ba0e-5767-4ba0-e576-7d1c4ba0e576,15.0000,4.3333333333333333,2026-08-07 02:18:56.196534+00,2026-08-07 02:19:01.75846+00,ACTIVE,true,true,5.0000,100,5,MISSING,,0,0,0
e9541bb4-97c2-4f1d-9cb2-836c38beefd7,WACFN-1786069224,WAC FINAL 1786069224,d1c4ba0e-5767-4ba0-e576-7d1c4ba0e576,10.0000,4.99999999999999995000,2026-08-07 02:20:26.839381+00,2026-08-07 02:20:32.777882+00,ACTIVE,true,true,5.0000,100,5,MISSING,,0,0,0
530e198c-0d42-4b36-852e-ba86f4431d94,PRODWAC-1786069598,PROD WAC Verify 1786069598,d1c4ba0e-5767-4ba0-e576-7d1c4ba0e576,10.0000,4.99999999999999995000,2026-08-07 02:26:40.789135+00,2026-08-07 02:26:47.580929+00,ACTIVE,true,true,5.0000,100,5,MISSING,,0,0,0
